UPC1, Item, Descrption, Price, Cost, Category, SubCategory, SubCategory2, SubCategory3, Vendor, Gigis-Raleigh, Gigis-Cary, Violet-Rareigh, Violet-CaryTotal Inventory
1223 ,   ,  , 19 , 0 , Apparel ,  ,  ,  ,  , 0 , 0 , 0 , 1 , 1
1813 ,   , Black/Red Fringe , 45 , 0 , Apparel ,  ,  ,  ,  , 0 , 0 , 1 , 1 , 2
3752 ,   , Necklace , 39 , 0 , Accessory  , Jewelry , Necklace ,  , LA Product  , 0 , 0 , 1 , 0 , 1
45000 ,   , Fuzzy Key Chain , 18 , 0 , Accessory  , Key Chain ,  ,  ,  , 0 , 0 , 1 , 0 , 1
781001 ,   ,  , 48 , 0 ,  ,  ,  ,  ,  , 0 , 0 , 1 , 0 , 1
793001 ,   ,  , 36 , 0 ,  ,  ,  ,  ,  , 0 , 0 , 1 , 0 , 1
7810001 ,   ,  , 48 , 0 ,  ,  ,  ,  ,  , 0 , 0 , 1 , 0 , 1
7811001 ,   ,  , 48 , 0 ,  ,  ,  ,  ,  , 0 , 0 , 2 , 0 , 2
7827001 ,   ,  , 45 , 0 ,  ,  ,  ,  ,  , 0 , 0 , 3 , 0 , 3
7831001 ,   ,  , 36 , 0 ,  ,  ,  ,  ,  , 0 , 0 , 1 , 0 , 1
7833001 ,   ,  , 31 , 0 ,  ,  ,  ,  ,  , 0 , 0 , 1 , 0 , 1
7835001 ,   ,  , 45 , 0 ,  ,  ,  ,  ,  , 0 , 0 , 1 , 0 , 1
7838001 ,   ,  , 45 , 0 ,  ,  ,  ,  ,  , 0 , 0 , 1 , 0 , 1
127890244 ,   , Freaker , 12 , 0 , Giftware  ,  ,  ,  , Freaker USA  , 0 , 0 , 1 , 0 , 1
787270016 ,   ,  , 45 , 0 ,  ,  ,  ,  ,  , 0 , 0 , 1 , 0 , 1
1039550399 ,   , Freaker , 12 , 0 , Giftware  ,  ,  ,  , Freaker USA  , 0 , 0 , 1 , 0 , 1
1039550403 ,   , Freaker , 12 , 0 , Giftware  ,  ,  ,  , Freaker USA  , 0 , 0 , 1 , 0 , 1
1039550430 ,   , Freaker , 12 , 0 , Giftware  ,  ,  ,  , Freaker USA  , 0 , 0 , 1 , 0 , 1
1039550440 ,   , Freaker , 12 , 0 , Giftware  ,  ,  ,  , Freaker USA  , 0 , 0 , 1 , 0 , 1
1039550459 ,   , Freaker , 12 , 0 , Giftware  ,  ,  ,  , Freaker USA  , 0 , 0 , 2 , 0 , 2
1278902074 ,   , Freaker , 12 , 0 , Giftware  ,  ,  ,  , Freaker USA  , 0 , 0 , 1 , 0 , 1
1278902102 ,   , Freaker , 12 , 0 , Giftware  ,  ,  ,  , Freaker USA  , 0 , 0 , 1 , 0 , 1
1278902108 ,   , Freaker , 12 , 0 , Giftware  ,  ,  ,  , Freaker USA  , 0 , 0 , 1 , 0 , 1
1278902109 ,   , Freaker , 12 , 0 , Giftware  ,  ,  ,  , Freaker USA  , 0 , 0 , 1 , 0 , 1
1278902272 ,   , Freaker Feet , 18 , 0 , Footwear  , Socks  ,  ,  , Freaker USA  , 0 , 0 , 1 , 0 , 1
1278902275 ,   , Freaker , 12 , 0 , Giftware  ,  ,  ,  , Freaker USA  , 0 , 0 , 1 , 0 , 1
1278902395 ,   , Freaker , 12 , 0 , Giftware  ,  ,  ,  , Freaker USA  , 0 , 0 , 1 , 0 , 1
1278902396 ,   , Freaker , 12 , 0 , Giftware  ,  ,  ,  , Freaker USA  , 0 , 0 , 1 , 0 , 1
1278902414 ,   , Freaker Feet  , 18 , 0 , Giftware  ,  ,  ,  , Freaker USA  , 0 , 0 , 1 , 0 , 1
1278902607 ,   , Freaker , 12 , 0 , Giftware  ,  ,  ,  , Freaker USA  , 0 , 0 , 1 , 0 , 1
1278902658 ,   , Freaker , 12 , 0 , Giftware  ,  ,  ,  , Freaker USA  , 0 , 0 , 1 , 0 , 1
1278902724 ,   , Freaker , 12 , 0 , Giftware  ,  ,  ,  , Freaker USA  , 0 , 0 , 1 , 0 , 1
1278902733 ,   , Freaker , 12 , 0 , Giftware  ,  ,  ,  , Freaker USA  , 0 , 0 , 1 , 0 , 1
1278902744 ,   , Freaker , 12 , 0 , Giftware  ,  ,  ,  , Freaker USA  , 0 , 0 , 1 , 0 , 1
1396435525 ,   , Gift Tags  , 1 , 0 , Giftware  ,  ,  ,  , Papaya , 0 , 0 , 1 , 0 , 1
1503837226 ,   ,  , 218 , 0 , Apparel ,  ,  ,  ,  , 0 , 0 , 0 , 2 , 2
5265100535 ,   , Freaker , 12 , 0 , Giftware  ,  ,  ,  , Freaker USA  , 0 , 0 , 1 , 0 , 1
5265100546 ,   , Freaker , 12 , 0 , Giftware  ,  ,  ,  , Freaker USA  , 0 , 0 , 1 , 0 , 1
5265100576 ,   , Freaker , 12 , 0 , Giftware  ,  ,  ,  , Freaker USA  , 0 , 0 , 1 , 0 , 1
5265100583 ,   , Freaker , 12 , 0 , Giftware  ,  ,  ,  , Freaker USA  , 0 , 0 , 1 , 0 , 1
5569600516 ,   , Freaker , 12 , 0 , Giftware  ,  ,  ,  , Freaker USA  , 0 , 0 , 1 , 0 , 1
5569600580 ,   , Freaker , 12 , 0 , Giftware  ,  ,  ,  , Freaker USA  , 0 , 0 , 1 , 0 , 1
5569600596 ,   , Freaker , 12 , 0 , Giftware  ,  ,  ,  , Freaker USA  , 0 , 0 , 1 , 0 , 1
8834353529 ,   ,  , 178 , 0 , Apparel ,  ,  ,  ,  , 0 , 0 , 0 , 1 , 1
8834353558 ,   ,  , 178 , 0 , Apparel , Bottom ,  ,  ,  , 0 , 0 , 0 , 2 , 2
9103711990 ,   ,  , 22 , 0 ,  ,  ,  ,  ,  , 0 , 0 , 0 , 1 , 1
9103736080 ,   ,  , 20 , 0 ,  ,  ,  ,  ,  , 0 , 0 , 0 , 1 , 1
9265701836 ,   ,  , 10 , 0 , Giftware  ,  ,  ,  ,  , 0 , 0 , 1 , 0 , 1
9265702322 ,   ,  , 12 , 0 ,  ,  ,  ,  ,  , 0 , 0 , 0 , 1 , 1
9265702446 ,   ,  , 5 , 0 ,  ,  ,  ,  ,  , 0 , 0 , 0 , 1 , 1
9265702447 ,   ,  , 5 , 0 ,  ,  ,  ,  ,  , 0 , 0 , 0 , 2 , 2
9265702449 ,   ,  , 5 , 0 ,  ,  ,  ,  ,  , 0 , 0 , 0 , 1 , 1
9265702450 ,   ,  , 5 , 0 ,  ,  ,  ,  ,  , 0 , 0 , 0 , 2 , 2
9265702455 ,   ,  , 5 , 0 ,  ,  ,  ,  ,  , 0 , 0 , 0 , 1 , 1
9265702456 ,   ,  , 5 , 0 ,  ,  ,  ,  ,  , 0 , 0 , 0 , 1 , 1
9265702460 ,   ,  , 5 , 0 ,  ,  ,  ,  ,  , 0 , 0 , 0 , 2 , 2
9265702469 ,   ,  , 12 , 0 ,  ,  ,  ,  ,  , 0 , 0 , 0 , 2 , 2
9265702534 ,   ,  , 5 , 0 ,  ,  ,  ,  ,  , 0 , 0 , 0 , 2 , 2
9492281667 ,   ,  , 8 , 0 ,  ,  ,  ,  , Fred&Friends , 0 , 0 , 0 , 1 , 1
9492281681 ,   ,  , 6 , 0 ,  ,  ,  ,  , Fred&Friends , 0 , 0 , 0 , 1 , 1
40000000206 ,   ,  , 69 , 0 ,  ,  ,  ,  ,  , 0 , 1 , 0 , 0 , 1
40000000380 ,   ,  , 10 , 0 ,  ,  ,  ,  ,  , 5 , 1 , 0 , 0 , 6
40000000381 ,   ,  , 12 , 0 ,  ,  ,  ,  ,  , 1 , 1 , 0 , 0 , 2
40000000942 ,   ,  , 18 , 0 ,  ,  ,  ,  ,  , 0 , 1 , 0 , 0 , 1
40000000987 ,   ,  , 14 , 0 ,  ,  ,  ,  ,  , 1 , 0 , 0 , 0 , 1
40000001002 ,   ,  , 20 , 0 ,  ,  ,  ,  ,  , 0 , 1 , 0 , 0 , 1
40000001374 ,   ,  , 59 , 0 ,  ,  ,  ,  ,  , 1 , 0 , 0 , 0 , 1
40000001376 ,   , Slimsations Bottom , 54 , 0 , Apparel , Bottom ,  ,  ,  , 20 , 1 , 0 , 0 , 21
40000001476 ,   ,  , 20 , 0 ,  ,  ,  ,  ,  , 0 , 1 , 0 , 0 , 1
40000001492 ,   ,  , 16 , 0 ,  ,  ,  ,  ,  , 8 , 1 , 0 , 0 , 9
40000001494 ,   ,  , 12 , 0 ,  ,  ,  ,  ,  , 1 , 1 , 0 , 0 , 2
40000001526 ,   ,  , 69 , 0 ,  ,  ,  ,  ,  , 1 , 1 , 0 , 0 , 2
40000001590 ,   ,  , 59 , 0 ,  ,  ,  ,  ,  , 11 , 1 , 0 , 0 , 12
40000001664 ,   ,  , 12 , 0 ,  ,  ,  ,  ,  , 0 , 1 , 0 , 0 , 1
40000001719 ,   ,  , 15 , 0 ,  ,  ,  ,  ,  , 3 , 1 , 0 , 0 , 4
40000001851 ,   ,  , 69 , 0 ,  ,  ,  ,  ,  , 5 , 1 , 0 , 0 , 6
40000001857 ,   ,  , 42 , 0 ,  ,  ,  ,  ,  , 0 , 1 , 0 , 0 , 1
40000001873 ,   , Scoop Neck Tee , 12 , 0 , Apparel , Top ,  ,  ,  , 11 , 1 , 0 , 0 , 12
40000001938 ,   ,  , 14 , 0 ,  ,  ,  ,  ,  , 4 , 1 , 0 , 0 , 5
40000001940 ,   ,  , 34 , 0 ,  ,  ,  ,  ,  , 1 , 0 , 0 , 0 , 1
40000001975 ,   ,  , 18 , 0 ,  ,  ,  ,  ,  , 0 , 1 , 0 , 0 , 1
40000002008 ,   ,  , 18 , 0 ,  ,  ,  ,  ,  , 0 , 1 , 0 , 0 , 1
40000002012 ,   ,  , 56 , 0 ,  ,  ,  ,  ,  , 0 , 1 , 0 , 0 , 1
40000002290 ,   , Asymetrical Tunic , 58 , 0 , Apparel , Top ,  ,  ,  , 0 , 1 , 0 , 0 , 1
40000002418 ,   ,  , 74 , 0 ,  ,  ,  ,  ,  , 0 , 1 , 0 , 0 , 1
40000002420 ,   ,  , 64 , 0 ,  ,  ,  ,  ,  , 1 , 1 , 0 , 0 , 2
40000002511 ,   ,  , 42 , 0 ,  ,  ,  ,  ,  , 0 , 1 , 0 , 0 , 1
40000002551 ,   ,  , 35 , 0 ,  ,  ,  ,  ,  , 3 , 1 , 0 , 0 , 4
40000002568 ,   ,  , 26 , 0 ,  ,  ,  ,  ,  , 0 , 1 , 0 , 0 , 1
40000002670 ,   ,  , 20 , 0 ,  ,  ,  ,  ,  , 0 , 1 , 0 , 0 , 1
40000002671 ,   ,  , 64 , 0 ,  ,  ,  ,  ,  , 0 , 1 , 0 , 0 , 1
40000002716 ,   ,  , 54 , 0 ,  ,  ,  ,  ,  , 0 , 1 , 0 , 0 , 1
40000002780 ,   ,  , 16 , 0 ,  ,  ,  ,  ,  , 0 , 1 , 0 , 0 , 1
40000002928 ,   ,  , 74 , 0 ,  ,  ,  ,  ,  , 0 , 1 , 0 , 0 , 1
40000002945 ,   ,  , 39 , 0 ,  ,  ,  ,  ,  , 0 , 1 , 0 , 0 , 1
40000002947 ,   ,  , 69 , 0 ,  ,  ,  ,  ,  , 0 , 1 , 0 , 0 , 1
40000002948 ,   ,  , 69 , 0 ,  ,  ,  ,  ,  , 3 , 1 , 0 , 0 , 4
40000002950 ,   ,  , 69 , 0 ,  ,  ,  ,  ,  , 0 , 1 , 0 , 0 , 1
40000002952 ,   ,  , 49 , 0 ,  ,  ,  ,  ,  , 0 , 1 , 0 , 0 , 1
40000002957 ,   ,  , 42 , 0 ,  ,  ,  ,  ,  , 0 , 1 , 0 , 0 , 1
40000002958 ,   ,  , 42 , 0 ,  ,  ,  ,  ,  , 0 , 1 , 0 , 0 , 1
40000002994 ,   ,  , 44 , 0 ,  ,  ,  ,  ,  , 0 , 1 , 0 , 0 , 1
40000002995 ,   ,  , 38 , 0 ,  ,  ,  ,  ,  , 0 , 1 , 0 , 0 , 1
40000002998 ,   ,  , 69 , 0 ,  ,  ,  ,  ,  , 2 , 1 , 0 , 0 , 3
40000003017 ,   ,  , 34 , 0 ,  ,  ,  ,  ,  , 0 , 1 , 0 , 0 , 1
40000003051 ,   ,  , 78 , 0 ,  ,  ,  ,  ,  , 1 , 1 , 0 , 0 , 2
40000003058 ,   ,  , 14 , 0 ,  ,  ,  ,  ,  , 3 , 0 , 0 , 0 , 3
40000003105 ,   ,  , 46 , 0 ,  ,  ,  ,  ,  , 1 , 0 , 0 , 0 , 1
40000003116 ,   ,  , 20 , 0 ,  ,  ,  ,  ,  , 0 , 1 , 0 , 0 , 1
40000003117 ,   ,  , 22 , 0 ,  ,  ,  ,  ,  , 0 , 1 , 0 , 0 , 1
40000003154 ,   ,  , 30 , 0 ,  ,  ,  ,  ,  , 0 , 1 , 0 , 0 , 1
40000003163 ,   ,  , 64 , 0 ,  ,  ,  ,  ,  , 0 , 1 , 0 , 0 , 1
40000003165 ,   ,  , 74 , 0 ,  ,  ,  ,  ,  , 0 , 1 , 0 , 0 , 1
40000003167 ,   ,  , 42 , 0 ,  ,  ,  ,  ,  , 1 , 1 , 0 , 0 , 2
40000003182 ,   ,  , 32 , 0 ,  ,  ,  ,  ,  , 0 , 1 , 0 , 0 , 1
40000003199 ,   ,  , 24 , 0 ,  ,  ,  ,  ,  , 0 , 1 , 0 , 0 , 1
40000003235 ,   ,  , 48 , 0 ,  ,  ,  ,  ,  , 0 , 1 , 0 , 0 , 1
40000003249 ,   ,  , 89 , 0 ,  ,  ,  ,  ,  , 0 , 1 , 0 , 0 , 1
40000003274 ,   ,  , 45 , 0 ,  ,  ,  ,  ,  , 1 , 0 , 0 , 0 , 1
40000003289 ,   ,  , 37 , 0 ,  ,  ,  ,  ,  , 0 , 1 , 0 , 0 , 1
40000003297 ,   ,  , 50 , 0 ,  ,  ,  ,  ,  , 0 , 1 , 0 , 0 , 1
40000003303 ,   ,  , 42 , 0 ,  ,  ,  ,  ,  , 0 , 1 , 0 , 0 , 1
40000003304 ,   ,  , 42 , 0 ,  ,  ,  ,  ,  , 2 , 0 , 0 , 0 , 2
40000003321 ,   ,  , 69 , 0 ,  ,  ,  ,  ,  , 2 , 1 , 0 , 0 , 3
40000003342 ,   ,  , 20 , 0 ,  ,  ,  ,  ,  , 1 , 0 , 0 , 0 , 1
40000003343 ,   ,  , 40 , 0 ,  ,  ,  ,  ,  , 1 , 0 , 0 , 0 , 1
40000003356 ,   ,  , 54 , 0 ,  ,  ,  ,  ,  , 0 , 1 , 0 , 0 , 1
40000003369 ,   ,  , 52 , 0 ,  ,  ,  ,  ,  , 1 , 0 , 0 , 0 , 1
40000003370 ,   ,  , 52 , 0 ,  ,  ,  ,  ,  , 1 , 0 , 0 , 0 , 1
40000003373 ,   ,  , 54 , 0 ,  ,  ,  ,  ,  , 1 , 1 , 0 , 0 , 2
40000003386 ,   ,  , 32 , 0 ,  ,  ,  ,  ,  , 0 , 1 , 0 , 0 , 1
40000003392 ,   ,  , 32 , 0 ,  ,  ,  ,  ,  , 1 , 1 , 0 , 0 , 2
40000003400 ,   ,  , 18 , 0 ,  ,  ,  ,  ,  , 1 , 0 , 0 , 0 , 1
40000003409 ,   ,  , 42 , 0 ,  ,  ,  ,  ,  , 2 , 1 , 0 , 0 , 3
40000003410 ,   ,  , 42 , 0 ,  ,  ,  ,  ,  , 0 , 1 , 0 , 0 , 1
40000003415 ,   ,  , 34 , 0 ,  ,  ,  ,  ,  , 2 , 0 , 0 , 0 , 2
40000003420 ,   ,  , 42 , 0 ,  ,  ,  ,  ,  , 0 , 1 , 0 , 0 , 1
40000003423 ,   ,  , 50 , 0 ,  ,  ,  ,  ,  , 1 , 0 , 0 , 0 , 1
40000003434 ,   ,  , 32 , 0 ,  ,  ,  ,  ,  , 0 , 1 , 0 , 0 , 1
40000003447 ,   ,  , 55 , 0 ,  ,  ,  ,  ,  , 0 , 1 , 0 , 0 , 1
40000003449 ,   ,  , 45 , 0 ,  ,  ,  ,  ,  , 0 , 1 , 0 , 0 , 1
40000003459 ,   ,  , 74 , 0 ,  ,  ,  ,  ,  , 0 , 1 , 0 , 0 , 1
40000003462 ,   ,  , 69 , 0 ,  ,  ,  ,  ,  , 0 , 1 , 0 , 0 , 1
40000003483 ,   ,  , 34 , 0 ,  ,  ,  ,  ,  , 2 , 0 , 0 , 0 , 2
40000003484 ,   ,  , 38 , 0 ,  ,  ,  ,  ,  , 0 , 1 , 0 , 0 , 1
40000003486 ,   ,  , 43 , 0 ,  ,  ,  ,  ,  , 4 , 1 , 0 , 0 , 5
40000003487 ,   ,  , 43 , 0 ,  ,  ,  ,  ,  , 1 , 1 , 0 , 0 , 2
40000003488 ,   ,  , 54 , 0 ,  ,  ,  ,  ,  , 4 , 0 , 0 , 0 , 4
40000003489 ,   ,  , 39 , 0 ,  ,  ,  ,  ,  , 1 , 0 , 0 , 0 , 1
40000003493 ,   ,  , 34 , 0 ,  ,  ,  ,  ,  , 0 , 1 , 0 , 0 , 1
40000003495 ,   ,  , 16 , 0 ,  ,  ,  ,  ,  , 1 , 0 , 0 , 0 , 1
40000003497 ,   ,  , 54 , 0 ,  ,  ,  ,  ,  , 1 , 0 , 0 , 0 , 1
40000003500 ,   ,  , 34 , 0 ,  ,  ,  ,  ,  , 1 , 0 , 0 , 0 , 1
40000003506 ,   ,  , 54 , 0 ,  ,  ,  ,  ,  , 0 , 1 , 0 , 0 , 1
40000003508 ,   ,  , 54 , 0 ,  ,  ,  ,  ,  , 1 , 1 , 0 , 0 , 2
40000003510 ,   ,  , 22 , 0 ,  ,  ,  ,  ,  , 0 , 1 , 0 , 0 , 1
40000003513 ,   ,  , 60 , 0 ,  ,  ,  ,  ,  , 3 , 1 , 0 , 0 , 4
40000003517 ,   ,  , 26 , 0 ,  ,  ,  ,  ,  , 7 , 1 , 0 , 0 , 8
40000003518 ,   ,  , 23 , 0 ,  ,  ,  ,  ,  , 0 , 1 , 0 , 0 , 1
40000003520 ,   ,  , 35 , 0 ,  ,  ,  ,  ,  , 1 , 1 , 0 , 0 , 2
40000003521 ,   ,  , 40 , 0 ,  ,  ,  ,  ,  , 0 , 1 , 0 , 0 , 1
40000003522 ,   ,  , 45 , 0 ,  ,  ,  ,  ,  , 1 , 1 , 0 , 0 , 2
40000003523 ,   ,  , 50 , 0 ,  ,  ,  ,  ,  , 0 , 1 , 0 , 0 , 1
40000003524 ,   ,  , 55 , 0 ,  ,  ,  ,  ,  , 1 , 1 , 0 , 0 , 2
40000003526 ,   ,  , 58 , 0 ,  ,  ,  ,  ,  , 0 , 1 , 0 , 0 , 1
40000003527 ,   ,  , 60 , 0 ,  ,  ,  ,  ,  , 0 , 1 , 0 , 0 , 1
40000003540 ,   ,  , 14 , 0 ,  ,  ,  ,  ,  , 0 , 1 , 0 , 0 , 1
40000003541 ,   ,  , 60 , 0 ,  ,  ,  ,  ,  , 0 , 1 , 0 , 0 , 1
40000003542 ,   ,  , 40 , 0 ,  ,  ,  ,  ,  , 0 , 1 , 0 , 0 , 1
40000003547 ,   ,  , 65 , 0 ,  ,  ,  ,  ,  , 0 , 1 , 0 , 0 , 1
40000003551 ,   ,  , 27 , 0 ,  ,  ,  ,  ,  , 0 , 1 , 0 , 0 , 1
40000003559 ,   ,  , 35 , 0 ,  ,  ,  ,  ,  , 2 , 0 , 0 , 0 , 2
40000003572 ,   ,  , 30 , 0 ,  ,  ,  ,  ,  , 1 , 0 , 0 , 0 , 1
40000003576 ,   ,  , 40 , 0 ,  ,  ,  ,  ,  , 1 , 0 , 0 , 0 , 1
40000003614 ,   ,  , 56 , 0 ,  ,  ,  ,  ,  , 1 , 1 , 0 , 0 , 2
40000003615 ,   ,  , 72 , 0 ,  ,  ,  ,  ,  , 6 , 1 , 0 , 0 , 7
40000003616 ,   ,  , 35 , 0 ,  ,  ,  ,  ,  , 0 , 1 , 0 , 0 , 1
40000003618 ,   ,  , 55 , 0 ,  ,  ,  ,  ,  , 0 , 1 , 0 , 0 , 1
40000003619 ,   ,  , 50 , 0 ,  ,  ,  ,  ,  , 0 , 1 , 0 , 0 , 1
40000003623 ,   ,  , 37 , 0 ,  ,  ,  ,  ,  , 0 , 1 , 0 , 0 , 1
40000003629 ,   , Hand Cream , 12 , 0 , Bath/Body  ,  ,  ,  ,  , 0 , 0 , 4 , 18 , 22
40000003630 ,   ,  , 38 , 0 , Bath/Body  ,  ,  ,  ,  , 0 , 0 , 2 , 7 , 9
40000003631 ,   ,  , 19 , 0 ,  ,  ,  ,  ,  , 0 , 0 , 0 , 8 , 8
40000003636 ,   ,  , 58 , 0 , Apparel ,  ,  ,  ,  , 0 , 0 , 0 , 1 , 1
40000003641 ,   ,  , 135 , 0 , Apparel , Top ,  ,  ,  , 0 , 0 , 0 , 1 , 1
40000003642 ,   ,  , 120 , 0 , Apparel ,  ,  ,  ,  , 0 , 0 , 1 , 0 , 1
40000003643 ,   ,  , 75 , 0 , Apparel ,  ,  ,  ,  , 0 , 0 , 0 , 1 , 1
40000003645 ,   ,  , 12 , 0 , Footwear  , Sock ,  ,  ,  , 0 , 0 , 10 , 8 , 18
40000003646 ,   ,  , 18 , 0 , Accessory , Handband ,  ,  , Handbands of Hope , 0 , 0 , 0 , 5 , 5
40000003647 ,   ,  , 55 , 0 ,  ,  ,  ,  ,  , 0 , 1 , 0 , 0 , 1
40000003648 ,   , Necklace , 20 , 0 , Accessory , Jewelry ,  ,  ,  , 1 , 0 , 0 , 0 , 1
40000003652 ,   , Freaker , 12 , 0 , Giftware ,  ,  ,  , Freaker , 0 , 0 , 0 , 16 , 16
40000003653 ,   , Freaker Feet , 18 , 0 , Footwear  , Socks  ,  ,  , Freaker USA  , 0 , 0 , 4 , 7 , 11
40000003654 ,   ,  , 85 , 0 ,  ,  ,  ,  ,  , 1 , 1 , 0 , 0 , 2
40000003657 ,   ,  , 100 , 0 ,  ,  ,  ,  ,  , 3 , 1 , 0 , 0 , 4
40000003659 ,   ,  , 100 , 0 ,  ,  ,  ,  ,  , 1 , 1 , 0 , 0 , 2
40000003660 ,   ,  , 59 , 0 ,  ,  ,  ,  ,  , 3 , 1 , 0 , 0 , 4
40000003661 ,   ,  , 85 , 0 ,  ,  ,  ,  ,  , 1 , 1 , 0 , 0 , 2
40000003663 ,   ,  , 69 , 0 ,  ,  ,  ,  ,  , 2 , 0 , 0 , 0 , 2
40000003665 ,   ,  , 69 , 0 ,  ,  ,  ,  ,  , 0 , 1 , 0 , 0 , 1
40000003669 ,   ,  , 27 , 0 ,  ,  ,  ,  ,  , 1 , 1 , 0 , 0 , 2
40000003670 ,   ,  , 12 , 0 ,  ,  ,  ,  ,  , 3 , 1 , 0 , 0 , 4
40000003681 ,   ,  , 14 , 0 ,  ,  ,  ,  ,  , 0 , 0 , 0 , 3 , 3
40000003683 ,   ,  , 10 , 0 ,  ,  ,  ,  ,  , 0 , 0 , 0 , 4 , 4
40000003684 ,   ,  , 6 , 0 ,  ,  ,  ,  ,  , 0 , 0 , 0 , 6 , 6
40000003685 ,   ,  , 6 , 0 ,  ,  ,  ,  ,  , 0 , 0 , 0 , 6 , 6
40000003693 ,   ,  , 10 , 0 ,  ,  ,  ,  ,  , 0 , 0 , 0 , 2 , 2
40000003694 ,   ,  , 198 , 0 , Apparel ,  ,  ,  ,  , 0 , 0 , 0 , 9 , 9
40000003695 ,   ,  , 178 , 0 , Apparel ,  ,  ,  ,  , 0 , 0 , 1 , 2 , 3
40000003698 ,   ,  , 143 , 0 , Apparel ,  ,  ,  ,  , 0 , 0 , 1 , 4 , 5
40000003699 ,   , Prima , 178 , 0 , Apparel  , Bottom , Pant , Denim , AG , 0 , 0 , 2 , 3 , 5
40000003700 ,   , Slit  , 168 , 0 , Apparel  , Bottom , Pant , Denim , AG , 0 , 0 , 2 , 4 , 6
40000003702 ,   , Roller Parfum , 13 , 0 , Bath/Body ,  ,  ,  , Pacifica , 0 , 0 , 0 , 40 , 40
40000003703 ,   , Hand Wipes , 8 , 0 , Bath/Body  ,  ,  ,  ,  , 0 , 0 , 6 , 10 , 16
40000003707 ,   ,  , 49 , 0 ,  ,  ,  ,  ,  , 2 , 1 , 0 , 0 , 3
40000003708 ,   ,  , 54 , 0 ,  ,  ,  ,  ,  , 0 , 1 , 0 , 0 , 1
40000003711 ,   ,  , 88 , 0 , Apparel ,  ,  ,  ,  , 0 , 0 , 1 , 0 , 1
40000003712 ,   ,  , 10 , 0 , Bath/Body  ,  ,  ,  ,  , 0 , 0 , 5 , 13 , 18
40000003713 ,   ,  , 17 , 0 , Bath/Body  ,  ,  ,  ,  , 0 , 0 , 5 , 10 , 15
40000003714 ,   ,  , 145 , 0 , Apparel ,  ,  ,  ,  , 0 , 0 , 1 , 1 , 2
40000003715 ,   ,  , 135 , 0 , Apparel ,  ,  ,  ,  , 0 , 0 , 2 , 7 , 9
40000003716 ,   ,  , 245 , 0 , Apparel ,  ,  ,  ,  , 0 , 0 , 5 , 6 , 11
40000003717 ,   ,  , 225 , 0 , Apparel ,  ,  ,  ,  , 0 , 0 , 1 , 3 , 4
40000003718 ,   ,  , 12 , 0 ,  ,  ,  ,  ,  , 1 , 1 , 0 , 0 , 2
40000003719 ,   ,  , 44 , 0 ,  ,  ,  ,  ,  , 2 , 1 , 0 , 0 , 3
40000003725 ,   ,  , 56 , 0 ,  ,  ,  ,  ,  , 1 , 0 , 0 , 0 , 1
40000003731 ,   ,  , 19 , 0 ,  ,  ,  ,  ,  , 1 , 0 , 0 , 0 , 1
40000003732 ,   ,  , 75 , 0 ,  ,  ,  ,  ,  , 0 , 0 , 0 , 1 , 1
40000003735 ,   , Dress , 56 , 0 , Apparel , Dress ,  ,  ,  , 0 , 0 , 0 , 1 , 1
40000003738 ,   ,  , 60 , 0 , Apparel , Top ,  ,  ,  , 0 , 0 , 0 , 4 , 4
40000003739 ,   ,  , 62 , 0 , Apparel ,  ,  ,  ,  , 0 , 0 , 1 , 4 , 5
40000003741 ,   ,  , 59 , 0 , Apparel , Bottom ,  ,  ,  , 0 , 0 , 0 , 3 , 3
40000003742 ,   ,  , 25 , 0 ,  ,  ,  ,  ,  , 3 , 1 , 0 , 0 , 4
40000003743 ,   , GoodHyou Top , 39 , 0 , Apparel , Top ,  ,  ,  , 0 , 0 , 9 , 10 , 19
40000003744 ,   ,  , 44 , 0 , Apparel , Top ,  ,  , GoodHyouman , 0 , 0 , 0 , 1 , 1
40000003746 ,   , Pinnapple Graphic  , 28 , 0 , Apparel , Top , Tank ,  ,  , 0 , 0 , 2 , 1 , 3
40000003753 ,   ,  , 39 , 0 ,  ,  ,  ,  ,  , 0 , 1 , 0 , 0 , 1
40000003754 ,   ,  , 42 , 0 ,  ,  ,  ,  ,  , 0 , 1 , 0 , 0 , 1
40000003755 ,   ,  , 28 , 0 ,  ,  ,  ,  ,  , 1 , 0 , 0 , 0 , 1
40000003756 ,   ,  , 42 , 0 ,  ,  ,  ,  ,  , 0 , 1 , 0 , 0 , 1
40000003758 ,   , Piko Dress , 28 , 0 , Apparel , Top ,  ,  ,  , 1 , 1 , 0 , 0 , 2
40000003759 ,   ,  , 98 , 0 , Apparel ,  ,  ,  ,  , 0 , 0 , 3 , 3 , 6
40000003763 ,   , Khaki/White Tank , 48 , 0 , Apparel , Top ,  ,  ,  , 1 , 1 , 0 , 0 , 2
40000003764 ,   , Black/White Stripes Away , 48 , 0 , Apparel , Top ,  ,  ,  , 3 , 1 , 0 , 0 , 4
40000003765 ,   , White Jet Set Linen , 58 , 0 , Apparel , Top ,  ,  ,  , 2 , 1 , 0 , 0 , 3
40000003766 ,   , Aruba Maxi Dress , 98 , 0 , Apparel , Dress , Maxi ,  ,  , 0 , 0 , 0 , 5 , 5
40000003767 ,   , V-Neck Top , 42 , 0 , Apparel , Top ,  ,  ,  , 0 , 0 , 1 , 2 , 3
40000003768 ,   , Maxi Skirt , 75 , 0 , Apparel , Bottom ,  ,  ,  , 0 , 0 , 0 , 1 , 1
40000003769 ,   , Tank Dress , 73 , 0 , Apparel , Dress ,  ,  ,  , 0 , 0 , 1 , 0 , 1
40000003772 ,   , White Romper , 84 , 0 , Apparel ,  ,  ,  ,  , 0 , 0 , 1 , 2 , 3
40000003773 ,   , Embroidered Tribal Tank , 32 , 0 , Apparel , Top ,  ,  ,  , 1 , 0 , 0 , 0 , 1
40000003776 ,   , Lace Up Bell Sleeve Top , 35 , 0 , Apparel , Top ,  ,  ,  , 1 , 0 , 0 , 0 , 1
40000003777 ,   , Shift Dress with Cape , 37 , 0 , Apparel , Dress ,  ,  ,  , 1 , 0 , 0 , 0 , 1
40000003780 ,   , Printed Yoke Top , 37 , 0 , Apparel , Top ,  ,  ,  , 2 , 0 , 0 , 0 , 2
40000003787 ,   , Giving Keys Lariat Lock Silver , 75 , 0 , Accessory , Jewelry , Necklace ,  , The Giving Keys  , 0 , 0 , 0 , 1 , 1
40000003789 ,   , Giving Keys Lariat Lock Gold , 75 , 0 , Accessory  ,  ,  ,  ,  , 0 , 0 , 1 , 0 , 1
40000003790 ,   , Giving Keys Lariat Lock Gold , 75 , 0 , Accessory , Jewelry , Necklace ,  , The Giving Keys  , 0 , 0 , 0 , 1 , 1
40000003792 ,   , Giving Keys Petite Lock Gold , 43 , 0 , Accessory , Jewelry , Necklace ,  , The Giving Keys  , 0 , 0 , 0 , 1 , 1
40000003796 ,   , Good Morning Mug , 15 , 0 , Giftware ,  ,  ,  , Fishes Eddy  , 0 , 0 , 0 , 4 , 4
40000003797 ,   , Here's Your Snack Platter , 23 , 0 , Giftware  , Plate ,  ,  , Fishes Eddy  , 0 , 0 , 1 , 3 , 4
40000003798 ,   , Intervention-Ware Mug , 15 , 0 , Giftware  , Mug ,  ,  , Fishes Eddy , 0 , 0 , 2 , 3 , 5
40000003799 ,   , Natural Wedge , 39 , 0 , Footwear , Wedge ,  ,  ,  , 3 , 1 , 0 , 0 , 4
40000003800 ,   , Denim Sandel , 19 , 0 , Footwear , Sandel ,  ,  ,  , 5 , 1 , 0 , 0 , 6
40000003801 ,   , Beige Wedge , 39 , 0 , Footwear , Wedge ,  ,  ,  , 6 , 1 , 0 , 0 , 7
40000003802 ,   , Bra Strappy Back , 20 , 0 , Apparel ,  ,  ,  ,  , 0 , 0 , 1 , 2 , 3
40000003803 ,   , Slip She Swings , 88 , 0 ,  ,  ,  ,  ,  , 0 , 0 , 0 , 1 , 1
40000003805 ,   , Shrunken 3/4 Sleeve , 92 , 0 , Apparel , Top , Shirt , 3/4 Sleeve  , Wilt , 0 , 0 , 0 , 7 , 7
40000003807 ,   , Wilt Rustic/White Shrunken BF , 79 , 0 , Apparel ,  ,  ,  ,  , 0 , 0 , 5 , 4 , 9
40000003809 ,   , Low Rise Cropped Skinny , 198 , 0 , Apparel , Bottom ,  ,  ,  , 0 , 0 , 1 , 3 , 4
40000003810 ,   , Anja Cuffed Cropped , 198 , 0 , Apparel , Bottom , Crop ,  ,  , 0 , 0 , 0 , 7 , 7
40000003811 ,   , Distressed Denim Shorts , 31 , 0 , Apparel , Bottom ,  ,  ,  , 3 , 1 , 0 , 0 , 4
40000003814 ,   , Headbands of Hope , 20 , 0 , Accessory  , Handband  ,  ,  , Handbands of Hope  , 0 , 0 , 5 , 2 , 7
40000003815 ,   , Headbands of Hope , 32 , 0 , Accessory  , Headband ,  ,  , Headbands of Hope , 0 , 0 , 3 , 4 , 7
40000003816 ,   , Bridal Cushions , 47 , 0 , Accessory , Jewelry , Earring ,  ,  , 0 , 0 , 0 , 1 , 1
40000003817 ,   , Cluster Bling , 42 , 0 , Accessory , Jewelry , Earring ,  ,  , 0 , 0 , 0 , 4 , 4
40000003819 ,   , Mini Bling , 25 , 0 , Accessory  , Earring ,  ,  , Joe Joe  Jewels , 0 , 0 , 1 , 0 , 1
40000003820 ,   , Cushion Bling , 37 , 0 , Accessory  , Earring ,  ,  , Joe Joe  Jewels , 0 , 0 , 1 , 18 , 19
40000003821 ,   , Mini Zip Denim , 58 , 0 , Apparel , Bottom ,  ,  ,  , 0 , 0 , 0 , 2 , 2
40000003829 ,   , Piko Tank , 24 , 0 , Apparel , Top ,  ,  ,  , 5 , 1 , 0 , 0 , 6
40000003830 ,   , White Vest , 49 , 0 , Apparel , Top ,  ,  ,  , 1 , 1 , 0 , 0 , 2
40000003831 ,   , Pink Lady Top , 41 , 0 , Apparel , Top ,  ,  ,  , 1 , 0 , 0 , 0 , 1
40000003833 ,   , Turq/Navy Print Maxi , 49 , 0 , Apparel , Dress ,  ,  ,  , 1 , 1 , 0 , 0 , 2
40000003834 ,   , Taupe/Melon Maxi , 41 , 0 , Apparel , Dress ,  ,  ,  , 0 , 1 , 0 , 0 , 1
40000003835 ,   , Turq/Wht Dress , 41 , 0 , Apparel , Dress ,  ,  ,  , 0 , 1 , 0 , 0 , 1
40000003838 ,   , Railroads Stripe , 50 , 0 , Apparel , Top ,  ,  ,  , 2 , 0 , 0 , 0 , 2
40000003839 ,   , Apricot Blouse , 41 , 0 , Apparel , Top ,  ,  ,  , 2 , 0 , 0 , 0 , 2
40000003843 ,   , Black Top , 41 , 0 , Apparel , Top ,  ,  ,  , 0 , 1 , 0 , 0 , 1
40000003844 ,   , Teal Top , 41 , 0 , Apparel , Top ,  ,  ,  , 1 , 0 , 0 , 0 , 1
40000003845 ,   , Pink Tye Dye , 41 , 0 , Apparel , Top ,  ,  ,  , 0 , 1 , 0 , 0 , 1
40000003846 ,   , Rose Top , 46 , 0 , Apparel , Top ,  ,  ,  , 1 , 0 , 0 , 0 , 1
40000003847 ,   , Peacock Top , 41 , 0 , Apparel , Top ,  ,  ,  , 1 , 1 , 0 , 0 , 2
40000003850 ,   , Navy Top , 41 , 0 , Apparel , Top ,  ,  ,  , 1 , 0 , 0 , 0 , 1
40000003852 ,   , Coral Top , 46 , 0 , Apparel , Top ,  ,  ,  , 0 , 1 , 0 , 0 , 1
40000003857 ,   , Navy Print Blouse , 49 , 0 , Apparel , Top ,  ,  ,  , 0 , 1 , 0 , 0 , 1
40000003859 ,   , Mixed Green TOp , 49 , 0 , Apparel , Top ,  ,  ,  , 1 , 0 , 0 , 0 , 1
40000003862 ,   , Navy Top , 52 , 0 , Apparel , Top ,  ,  ,  , 2 , 1 , 0 , 0 , 3
40000003863 ,   , Spring Purple Top , 49 , 0 , Apparel , Top ,  ,  ,  , 0 , 1 , 0 , 0 , 1
40000003864 ,   , Black Top , 44 , 0 , Apparel , Top ,  ,  ,  , 2 , 1 , 0 , 0 , 3
40000003867 ,   , Ash Blonde Top , 49 , 0 , Apparel , Top ,  ,  ,  , 1 , 1 , 0 , 0 , 2
40000003868 ,   , Doe & Rae Dressw , 52 , 0 , Apparel , Dress ,  ,  ,  , 0 , 1 , 0 , 0 , 1
40000003869 ,   , Hem&Thread Mixed Print Dress , 44 , 0 , Apparel , Dress ,  ,  ,  , 0 , 1 , 0 , 0 , 1
40000003870 ,   , Hem&Thread Grey/Purp Top , 45 , 0 , Apparel , Top ,  ,  ,  , 2 , 1 , 0 , 0 , 3
40000003873 ,   , Kent Tank , 48 , 0 , Apparel ,  ,  ,  ,  , 0 , 0 , 1 , 4 , 5
40000003874 ,   , Park Swing Tank , 38 , 0 , Apparel ,  ,  ,  ,  , 0 , 0 , 8 , 10 , 18
40000003875 ,   , Bamboo Print Top , 42 , 0 , Apparel , Top ,  ,  ,  , 0 , 0 , 0 , 2 , 2
40000003876 ,   , Wide Leg Pant , 46 , 0 , Apparel , Bottom ,  ,  ,  , 0 , 0 , 0 , 1 , 1
40000003878 ,   , Hadlee , 158 , 0 ,  ,  ,  ,  ,  , 0 , 0 , 0 , 1 , 1
40000003881 ,   , Framed ART , 24 , 0 , Dicor ,  ,  ,  ,  , 0 , 0 , 0 , 6 , 6
40000003882 ,   , Charmer Tank , 50 , 0 , Apparel , Top ,  ,  ,  , 0 , 0 , 0 , 4 , 4
40000003884 ,   , Royal Tee , 55 , 0 , Apparel , Top ,  ,  ,  , 0 , 0 , 0 , 2 , 2
40000003885 ,   , Sweet Dream Tee , 43 , 0 , Apparel , Top ,  ,  ,  , 0 , 0 , 1 , 1 , 2
40000003890 ,   , Small Resin Mosaic , 14 , 0 , Accessory ,  ,  ,  ,  , 1 , 0 , 0 , 0 , 1
40000003896 ,   , Coral High Low , 28 , 0 , Apparel , Bottom ,  ,  ,  , 1 , 1 , 0 , 0 , 2
40000003900 ,   , Black Printes Maxi , 37 , 0 , Apparel , Dress ,  ,  ,  , 1 , 1 , 0 , 0 , 2
40000003901 ,   , Tie up Top with Lace , 39 , 0 , Apparel , Top ,  ,  ,  , 1 , 1 , 0 , 0 , 2
40000003906 ,   , Dust Pink Cover , 27 , 0 , Apparel , Top ,  ,  ,  , 0 , 1 , 0 , 0 , 1
40000003908 ,   , Vintage Dictionary Art , 26 , 0 , Giftware ,  ,  ,  ,  , 0 , 0 , 1 , 22 , 23
40000003909 ,   , Karly Top , 85 , 0 , Apparel , Top ,  ,  , Groceries  , 0 , 0 , 1 , 5 , 6
40000003910 ,   , Georgia Crop , 52 , 0 , Apparel , Top ,  ,  , Groceries  , 0 , 0 , 1 , 13 , 14
40000003911 ,   , Swing Tank , 52 , 0 , Apparel , Top ,  ,  , Groceries  , 0 , 0 , 1 , 17 , 18
40000003912 ,   , Dylann Dress , 92 , 0 , Apparel , Dress ,  ,  , Groceries  , 0 , 0 , 1 , 3 , 4
40000003915 ,   , Tank , 48 , 0 , Apparel , Top ,  ,  ,  , 0 , 0 , 0 , 16 , 16
40000003916 ,   , Tank , 78 , 0 , Apparel , Top ,  ,  ,  , 0 , 0 , 0 , 4 , 4
40000003917 ,   , Hair Tie , 12 , 0 , Accessory , Hair Tie ,  ,  , Kitch , 0 , 0 , 0 , 36 , 36
40000003918 ,   , Magnet , 6 , 0 , Giftware ,  ,  ,  ,  , 0 , 0 , 0 , 123 , 123
40000003919 ,   , Wide Strap Wrap Dress , 94 , 0 , Apparel , Dress ,  ,  ,  , 3 , 1 , 0 , 0 , 4
40000003920 ,   , Tie Back Dress , 89 , 0 , Apparel , Dress ,  ,  ,  , 1 , 0 , 0 , 0 , 1
40000003921 ,   , Layered Tunic , 84 , 0 , Apparel , Top ,  ,  ,  , 2 , 1 , 0 , 0 , 3
40000003922 ,   , Dress , 99 , 0 , Apparel , Dress ,  ,  ,  , 0 , 1 , 0 , 0 , 1
40000003926 ,   , Halter Dress , 79 , 0 , Apparel , Dress ,  ,  ,  , 1 , 0 , 0 , 0 , 1
40000003927 ,   , Tank Strap Dress , 84 , 0 , Apparel , Dress ,  ,  ,  , 0 , 1 , 0 , 0 , 1
40000003938 ,   , Print Romper , 68 , 0 ,  , Romper ,  ,  ,  , 2 , 1 , 0 , 0 , 3
40000003939 ,   , All Over Lace Kimono , 43 , 0 , Apparel , Top ,  ,  ,  , 0 , 1 , 0 , 0 , 1
40000003940 ,   , Floral Prined Top , 39 , 0 , Apparel , Top ,  ,  ,  , 0 , 1 , 0 , 0 , 1
40000003942 ,   , Beach Wrap , 20 , 0 , Apparel , Top ,  ,  ,  , 4 , 1 , 0 , 0 , 5
40000003947 ,   , Easy Swing Cami , 48 , 0 , Apparel , Top ,  ,  ,  , 0 , 0 , 0 , 6 , 6
40000003949 ,   , Reign Pintuck Sleeveless , 98 , 0 , Apparel , Top ,  ,  ,  , 0 , 0 , 1 , 1 , 2
40000003950 ,   , Teryn Top , 118 , 0 , Apparel , Top ,  ,  ,  , 0 , 0 , 1 , 3 , 4
40000003951 ,   , Harmony Top , 124 , 0 , Apparel , Top ,  ,  ,  , 0 , 0 , 1 , 3 , 4
40000003952 ,   , Hi-Lo Top , 49 , 0 , Apparel , Top ,  ,  ,  , 1 , 0 , 0 , 0 , 1
40000003953 ,   , Asymmetrical Sandal , 24 , 0 , Footwear , Sandel ,  ,  ,  , 5 , 1 , 0 , 0 , 6
40000003954 ,   , Chambray Pant , 69 , 0 , Apparel , Bottom ,  ,  ,  , 0 , 1 , 0 , 0 , 1
40000003955 ,   , Alana Cropped MAria Pant , 258 , 0 , Apparel , Bottom ,  ,  , Hard Tail  , 0 , 0 , 5 , 6 , 11
40000003956 ,   , Printed Village , 37 , 0 , Accessory  , Scarf ,  ,  , Printage Village , 0 , 0 , 0 , 2 , 2
40000003957 ,   , Flower Print Top , 49 , 0 , Apparel , Top ,  ,  ,  , 0 , 1 , 0 , 0 , 1
40000003958 ,   , Asymmetrical Lace Tank , 37 , 0 , Apparel , Top ,  ,  ,  , 0 , 1 , 0 , 0 , 1
40000003966 ,   , Navy/Print , 58 , 0 , Apparel ,  ,  ,  ,  , 0 , 1 , 0 , 0 , 1
40000003968 ,   , Pink Dress , 62 , 0 , Apparel , Dress ,  ,  ,  , 1 , 0 , 0 , 0 , 1
40000003969 ,   , Yellow/Pink Dress , 58 , 0 , Apparel , Dress ,  ,  ,  , 1 , 0 , 0 , 0 , 1
40000003971 ,   , Mint Dress , 62 , 0 , Apparel , Dress ,  ,  ,  , 0 , 1 , 0 , 0 , 1
40000003972 ,   , Mint Dress , 62 , 0 , Apparel , Dress ,  ,  ,  , 3 , 1 , 0 , 0 , 4
40000003975 ,   , Cowboy Belt Mint , 68 , 0 , Accessory  , Belt ,  , Leather , Cowboy Belt Co , 0 , 0 , 2 , 2 , 4
40000003976 ,   , Cowboy Belt Camel , 46 , 0 , Apparel  , Belt ,  , Leather , Cowboy Belt Co , 0 , 0 , 1 , 2 , 3
40000003977 ,   , Cowboy Belt Peach , 46 , 0 , Accessory  , Belt ,  , Leather , Cowboy Belt Co , 0 , 0 , 1 , 1 , 2
40000003978 ,   , Cowboy Belt Sky Blue , 56 , 0 , Accessory  , Belt  ,  , Leather , Cowboy Belt Co , 0 , 0 , 1 , 1 , 2
40000003979 ,   , Cowboy Belt Mud , 89 , 0 , Accessory  , Belt ,  , Leather , Cowboy Belt Co , 0 , 0 , 1 , 2 , 3
40000003980 ,   , Cowboy Belt Sand , 80 , 0 , Accessory  , Belt ,  , Leather , Cowboy Belt Co , 0 , 0 , 1 , 2 , 3
40000003981 ,   , Cowboy Bracelet Off White , 46 , 0 , Accessory  , Jewelry  , Bracelet  , Leather , Cowboy Belt Co , 0 , 0 , 1 , 0 , 1
40000003982 ,   , Cowboy Bracelet Lemon , 40 , 0 , Accessory  , Jewelry  , Bracelet  , Leather , Cowboy Belt Co , 0 , 0 , 1 , 1 , 2
40000003984 ,   , Free People Bra , 38 , 0 , Apparel ,  ,  ,  ,  , 0 , 0 , 3 , 0 , 3
40000003985 ,   , Free People Tank , 20 , 0 , Apparel , Top ,  ,  ,  , 0 , 0 , 0 , 2 , 2
40000003986 ,   , White Hazel Top , 78 , 0 , Apparel , Top ,  ,  ,  , 0 , 0 , 1 , 0 , 1
40000003988 ,   , Stilt Roll Up , 178 , 0 , Apparel  , Bottom , Pant , Denim , AG , 0 , 0 , 1 , 5 , 6
40000003989 ,   , Farrah Skinny Crop , 225 , 0 , Apparel , Bottom , Crop , Denim  ,  , 0 , 0 , 0 , 7 , 7
40000003990 ,   , Stilt Roll Up , 235 , 0 , Apparel  , Bottom , Pant , Denim , AG , 0 , 0 , 1 , 5 , 6
40000003991 ,   , 3/4 Sleeve Top , 69 , 0 , Apparel , Top ,  ,  ,  , 0 , 1 , 0 , 0 , 1
40000003992 ,   , Roll Sleeve Top , 79 , 0 , Apparel , Top ,  ,  ,  , 1 , 0 , 0 , 0 , 1
40000003993 ,   , Black and White , 52 , 0 , Apparel ,  ,  ,  ,  , 4 , 1 , 0 , 0 , 5
40000003994 ,   , Printed Island , 49 , 0 , Apparel ,  ,  ,  ,  , 3 , 1 , 0 , 0 , 4
40000003995 ,   , Rio Denim , 49 , 0 , Apparel , Bottom ,  ,  ,  , 0 , 1 , 0 , 0 , 1
40000003996 ,   , Joanna Top , 118 , 0 , Apparel , Top ,  ,  ,  , 0 , 0 , 1 , 2 , 3
40000003997 ,   , Open front Lace shirt , 39 , 0 , Apparel , Top ,  ,  ,  , 4 , 1 , 0 , 0 , 5
40000003999 ,   , Crew Neck Slvls Top , 96 , 0 , Apparel , Top ,  ,  ,  , 0 , 1 , 0 , 0 , 1
40000004001 ,   , Sky diver Lace , 74 , 0 , Apparel ,  ,  ,  ,  , 4 , 1 , 0 , 0 , 5
40000004002 ,   , Layered Top , 98 , 0 , Apparel , Top ,  ,  ,  , 4 , 1 , 0 , 0 , 5
40000004003 ,   , Easy Top , 74 , 0 , Apparel , Top ,  ,  ,  , 1 , 0 , 0 , 0 , 1
40000004004 ,   , Sleeveless Blouse , 98 , 0 , Apparel , Top ,  ,  ,  , 2 , 1 , 0 , 0 , 3
40000004006 ,   , Cha Cha Dress , 120 , 0 , Apparel , Top ,  ,  ,  , 5 , 1 , 0 , 0 , 6
40000004007 ,   , 2 Way Sweater , 98 , 0 , Apparel , Top ,  ,  ,  , 1 , 1 , 0 , 0 , 2
40000004008 ,   , Ruffled Up tank , 29 , 0 , Apparel , Top ,  ,  ,  , 2 , 0 , 0 , 0 , 2
40000004009 ,   , Lily Mid Rise Crop , 145 , 0 , Apparel ,  ,  ,  ,  , 0 , 0 , 1 , 3 , 4
40000004011 ,   , Cheap Eats Bird Feeder , 28 , 0 , Giftware  , Bird Feeder ,  ,  , Fred&Friends , 0 , 0 , 1 , 1 , 2
40000004012 ,   , Mid Rise Capri , 268 , 0 , Apparel  , Bottom , Capri , Denim ,  , 0 , 0 , 3 , 6 , 9
40000004013 ,   , Brya Mid Rise Boot , 238 , 0 , Apparel , Bottom , Pant , Denim ,  , 0 , 0 , 1 , 5 , 6
40000004015 ,   , Sadey Slim , 258 , 0 , Apparel  , Bottom , Pant , Denim , AG , 0 , 0 , 4 , 4 , 8
40000004016 ,   , Fiesta Sandal , 68 , 0 , Footwear , Sandal ,  ,  , Lucky Brand  , 0 , 0 , 1 , 6 , 7
40000004017 ,   , Black/Clay Wedge , 85 , 0 , Footwear , Wedge ,  ,  , Lucky Brand  , 0 , 0 , 1 , 6 , 7
40000004018 ,   , Black Flat , 78 , 0 , Footwear , Flat ,  ,  , Lucky Brand , 0 , 0 , 1 , 5 , 6
40000004019 ,   , Magma Sandal , 68 , 0 , Footwear , Sandal ,  ,  , Lucky Brand  , 0 , 0 , 1 , 3 , 4
40000004020 ,   , Blush Sandal , 68 , 0 , Footwear , Sandal ,  ,  , Lucky Brand  , 0 , 0 , 1 , 6 , 7
40000004021 ,   , White Flow Top , 58 , 0 , Apparel , Top ,  ,  ,  , 1 , 0 , 0 , 0 , 1
40000004022 ,   , Sleeveless Stripe , 62 , 0 , Apparel , Top ,  ,  ,  , 1 , 0 , 0 , 2 , 3
40000004024 ,   , Tan Strap Sandal , 32 , 0 , Footwear , Sandel ,  ,  ,  , 8 , 1 , 0 , 0 , 9
40000004026 ,   , Karma Throw Pillow , 50 , 0 , Dicor , Pillow ,  ,  , Karma , 0 , 0 , 2 , 2 , 4
40000004028 ,   , Asymmetric Trim Tunic , 62 , 0 , Apparel , Top ,  ,  ,  , 1 , 0 , 0 , 0 , 1
40000004029 ,   , V Neck Long Tunic , 58 , 0 , Apparel , Top ,  ,  ,  , 2 , 1 , 0 , 0 , 3
40000004032 ,   , PPLA Grey Top , 70 , 0 , Apparel , Top ,  ,  , PPLA , 0 , 0 , 0 , 1 , 1
40000004033 ,   , Glass Water Bottle , 25 , 0 , Giftware  , Bottle ,  ,  , Karma , 0 , 0 , 1 , 1 , 2
40000004034 ,   , Rewined Candle , 28 , 0 , Giftware  , Candle ,  ,  ,  Rewined Candle  , 0 , 0 , 3 , 28 , 31
40000004037 ,   , Nine Planet Dark , 42 , 0 , Apparel , Bottom ,  ,  ,  , 2 , 1 , 0 , 0 , 3
40000004038 ,   , Nine Planet Dark , 42 , 0 , Apparel , Bottom ,  ,  ,  , 2 , 1 , 0 , 0 , 3
40000004039 ,   , Ruching Front Cami Bra , 15 , 0 , Apparel , Top ,  ,  ,  , 4 , 1 , 0 , 0 , 5
40000004040 ,   , Racerback Cami Bra , 18 , 0 , Apparel , Top ,  ,  ,  , 11 , 1 , 0 , 0 , 12
40000004041 ,   , Basic Camisole , 18 , 0 , Apparel , Top ,  ,  ,  , 2 , 1 , 0 , 0 , 3
40000004042 ,   , Calf Legging , 18 , 0 , Apparel , Bottom ,  ,  ,  , 0 , 1 , 0 , 0 , 1
40000004043 ,   , Calf Legging X , 26 , 0 , Apparel , Bottom ,  ,  ,  , 0 , 1 , 0 , 0 , 1
40000004044 ,   , Lace Tube Top , 16 , 0 , Apparel , Top ,  ,  ,  , 1 , 1 , 0 , 0 , 2
40000004048 ,   , Candle , 27 , 0 , Giftware  , Candle ,  ,  ,  , 0 , 0 , 2 , 0 , 2
40000004049 ,   , Tin Candle , 6 , 0 , Giftware  , Candle ,  ,  , Aquiesse , 0 , 0 , 1 , 7 , 8
40000004050 ,   , Slit Shrunken Tank , 99 , 0 , Apparel , Top ,  ,  , Wilt , 0 , 0 , 0 , 3 , 3
40000004051 ,   , Tunic Shell Hem , 125 , 0 , Apparel , Top ,  ,  ,  , 0 , 0 , 0 , 3 , 3
40000004052 ,   , Shrunken Seamed Tank , 105 , 0 , Apparel , Top ,  ,  , Wilt , 0 , 0 , 0 , 3 , 3
40000004053 ,   , Cut Out Neck , 105 , 0 , Apparel , Top ,  ,  ,  , 0 , 0 , 0 , 3 , 3
40000004055 ,   , Printed Romper , 39 , 0 , Apparel , Romper ,  ,  ,  , 0 , 0 , 1 , 1 , 2
40000004056 ,   , Maxi Skirt , 49 , 0 , Apparel , Bottom ,  ,  ,  , 2 , 1 , 0 , 0 , 3
40000004057 ,   , Sky Top , 86 , 0 , Apparel , Top ,  ,  ,  , 0 , 0 , 1 , 2 , 3
40000004058 ,   , Floral Print Tank , 74 , 0 , Apparel , Top , Tank ,  ,  , 0 , 0 , 1 , 1 , 2
40000004059 ,   , Grey Blouse , 89 , 0 , Apparel ,  ,  ,  ,  , 0 , 0 , 1 , 1 , 2
40000004060 ,   , Sunglasses , 42 , 0 , Accessory  , Sunglasses ,  ,  , Blue Planet  , 0 , 0 , 0 , 7 , 7
40000004062 ,   , Local Celebrity Tee , 38 , 0 , Apparel  , Top , Tshirt , Shorts Seeve  , Local Celebrity  , 0 , 0 , 5 , 36 , 41
40000004072 ,   , Earring , 18 , 0 , Accessory  , Jewelry  , Earring ,  ,  , 0 , 0 , 3 , 0 , 3
40000004074 ,   , Low Rise Ankle Crop , 218 , 0 , Apparel  , Bottom , Ankle , Denim , J Brand  , 0 , 0 , 5 , 5 , 10
40000004075 ,   , Angeles Tee , 62 , 0 , Apparel , Top ,  ,  ,  , 0 , 0 , 0 , 7 , 7
40000004078 ,   , Blush Noir Top , 60 , 0 , Apparel , Top ,  ,  ,  , 1 , 0 , 0 , 0 , 1
40000004079 ,   , PPLA Denim Tank , 55 , 0 , Apparel ,  ,  ,  ,  , 0 , 0 , 4 , 1 , 5
40000004080 ,   , PPLA Seafoam Tank , 55 , 0 , Apparel , Top ,  ,  ,  , 0 , 0 , 0 , 1 , 1
40000004081 ,   , PPLA Blue Becky Tee , 65 , 0 , Apparel , Top ,  ,  ,  , 0 , 0 , 0 , 4 , 4
40000004082 ,   , Feel The Piece , 150 , 0 , Apparel ,  ,  ,  ,  , 0 , 0 , 1 , 1 , 2
40000004083 ,   , Feel The Piece , 156 , 0 , Apparel , Top ,  ,  ,  , 0 , 0 , 2 , 1 , 3
40000004084 ,   , Feel The Piece , 85 , 0 , Apparel ,  ,  ,  ,  , 0 , 0 , 2 , 4 , 6
40000004085 ,   , Feel The Piece , 85 , 0 , Apparel ,  ,  ,  ,  , 0 , 0 , 1 , 2 , 3
40000004086 ,   , Feel The Piece , 110 , 0 , Apparel ,  ,  ,  ,  , 0 , 0 , 2 , 1 , 3
40000004088 ,   , Feel The Piece , 85 , 0 , Apparel ,  ,  ,  ,  , 0 , 0 , 1 , 0 , 1
40000004089 ,   , Feel The Piece , 99 , 0 , Apparel ,  ,  ,  ,  , 0 , 0 , 1 , 0 , 1
40000004091 ,   , Blue/White Top , 38 , 0 , Apparel , Top ,  ,  ,  , 0 , 1 , 0 , 0 , 1
40000004092 ,   , Blue/White Top , 38 , 0 , Apparel , Top ,  ,  ,  , 0 , 1 , 0 , 0 , 1
40000004093 ,   , River and Sky Tank , 72 , 0 , Apparel , Top ,  ,  ,  , 0 , 0 , 0 , 1 , 1
40000004094 ,   , River and Sky Tunic , 84 , 0 , Apparel ,  ,  ,  ,  , 0 , 0 , 1 , 0 , 1
40000004095 ,   , Multiples Canary Top , 59 , 0 , Apparel , Top ,  ,  ,  , 1 , 0 , 0 , 0 , 1
40000004097 ,   , Mutliples Top , 49 , 0 , Apparel , Top ,  ,  ,  , 3 , 0 , 0 , 0 , 3
40000004098 ,   , Mutliples Top , 49 , 0 , Apparel , Top ,  ,  ,  , 0 , 1 , 0 , 0 , 1
40000004099 ,   , Slimsations Bottom , 59 , 0 , Apparel , Bottom ,  ,  ,  , 3 , 1 , 0 , 0 , 4
40000004100 ,   , Slimsations Bottom , 59 , 0 , Apparel , Bottom ,  ,  ,  , 4 , 1 , 0 , 0 , 5
40000004101 ,   , Slimsations Bottom , 54 , 0 , Apparel , Bottom ,  ,  ,  , 1 , 0 , 0 , 0 , 1
40000004103 ,   , Slimsations Bottom , 54 , 0 , Apparel , Bottom ,  ,  ,  , 2 , 1 , 0 , 0 , 3
40000004106 ,   , Free People Float Away Tank , 78 , 0 , Apparel , Top ,  ,  ,  , 0 , 0 , 0 , 2 , 2
40000004109 ,   , Reneec Spaghetti Strap , 55 , 0 , Apparel , Top ,  ,  ,  , 0 , 0 , 1 , 0 , 1
40000004118 ,   , Red Print Chain , 49 , 0 , Apparel , Bottom ,  ,  ,  , 0 , 1 , 0 , 0 , 1
40000004121 ,   , Cross Strap , 40 , 0 , Footwear , Wedge ,  ,  ,  , 1 , 0 , 0 , 0 , 1
40000004126 ,   , Umgee Dress , 49 , 0 , Apparel , Dress ,  ,  ,  , 0 , 1 , 0 , 0 , 1
40000004128 ,   , Isel Camel Aspen Top , 59 , 0 , Apparel , Top ,  ,  ,  , 4 , 1 , 0 , 0 , 5
40000004129 ,   , SKY TOP ISLE , 59 , 0 , Apparel , Top ,  ,  ,  , 0 , 1 , 0 , 0 , 1
40000004130 ,   , DOTS DRESS ISLE , 89 , 0 , Apparel , Dress ,  ,  ,  , 0 , 1 , 0 , 0 , 1
40000004131 ,   , DENIM RUFFLES , 29 , 0 , Apparel , Top ,  ,  ,  , 0 , 1 , 0 , 0 , 1
40000004133 ,   , NATRL TOP , 79 , 0 , Apparel , Top ,  ,  ,  , 0 , 0 , 1 , 3 , 4
40000004134 ,   , HEATHER GREY , 69 , 0 , Apparel ,  ,  ,  ,  , 0 , 0 , 2 , 1 , 3
40000004135 ,   , PEACH LOVE LACE , 46 , 0 , Apparel , Top ,  ,  ,  , 0 , 1 , 0 , 0 , 1
40000004136 ,   , BLUE/PINK DRESS , 44 , 0 , Apparel , Dress ,  ,  ,  , 1 , 0 , 0 , 0 , 1
40000004137 ,   , TIEDIE BLOUSE , 56 , 0 , Apparel , Top ,  ,  ,  , 2 , 1 , 0 , 0 , 3
40000004139 ,   , STRIPE POMPOM , 39 , 0 , Apparel , Top ,  ,  ,  , 0 , 1 , 0 , 0 , 1
40000004140 ,   , PRINTED WINE , 44 , 0 , Apparel ,  ,  ,  ,  , 1 , 0 , 0 , 0 , 1
40000004141 ,   , JADE DOTS , 41 , 0 , Apparel , Bottom ,  ,  ,  , 2 , 1 , 0 , 0 , 3
40000004142 ,   , PINK PRINT , 46 , 0 , Apparel ,  ,  ,  ,  , 1 , 1 , 0 , 0 , 2
40000004143 ,   , NAVY STRIPES , 41 , 0 , Apparel , Top ,  ,  ,  , 3 , 1 , 0 , 0 , 4
40000004144 ,   , WHITE SCALLOP , 41 , 0 , Apparel , Top ,  ,  ,  , 1 , 1 , 0 , 0 , 2
40000004146 ,   , Denim Shorts , 39 , 0 , Apparel , Top ,  ,  ,  , 0 , 1 , 0 , 0 , 1
40000004148 ,   , Printed Jumpsuit , 54 , 0 , Apparel , Romper ,  ,  ,  , 1 , 1 , 0 , 0 , 2
40000004149 ,   , Oasis Tie-Dye Stripe Dress , 145 , 0 , Apparel , Dress ,  ,  ,  , 0 , 0 , 0 , 1 , 1
40000004151 ,   , Tie Dye Stripe Tank , 88 , 0 , Apparel , Top , Tank ,  ,  , 0 , 0 , 0 , 3 , 3
40000004152 ,   , Geo Burn Out Top , 88 , 0 , Apparel , Top ,  ,  ,  , 0 , 0 , 1 , 4 , 5
40000004153 ,   , Brinley Geo Burn out , 105 , 0 , Apparel , Top ,  ,  ,  , 0 , 0 , 0 , 4 , 4
40000004154 ,   , PPLA Top , 59 , 0 , Apparel , Top , Shirt ,  , PPLA , 0 , 0 , 0 , 3 , 3
40000004155 ,   , PPLA Top , 48 , 0 , Apparel , Top ,  ,  , PPLA , 0 , 0 , 0 , 6 , 6
40000004156 ,   , PPLA Top , 72 , 0 , Apparel , Top ,  ,  , PPLA , 0 , 0 , 0 , 3 , 3
40000004157 ,   , PPLA Top , 54 , 0 , Apparel ,  ,  ,  ,  , 0 , 0 , 1 , 4 , 5
40000004158 ,   , PPLA Top , 42 , 0 , Apparel , Top ,  ,  ,  , 0 , 0 , 1 , 3 , 4
40000004159 ,   , PPLA Top , 48 , 0 , Apparel , Top ,  ,  , PPLA , 0 , 0 , 0 , 1 , 1
40000004161 ,   , PPLA Top , 42 , 0 , Apparel , Top ,  ,  ,  , 0 , 0 , 4 , 12 , 16
40000004162 ,   , PPLA Top , 59 , 0 , Apparel ,  ,  ,  ,  , 0 , 0 , 4 , 7 , 11
40000004163 ,   , PPLA Top , 62 , 0 , Apparel ,  ,  ,  ,  , 0 , 0 , 1 , 1 , 2
40000004164 ,   , PPLA Top , 35 , 0 , Apparel , Top ,  ,  , PPLA , 0 , 0 , 0 , 15 , 15
40000004165 ,   , PPLA Top , 54 , 0 , Apparel  , Top , Shirt , Sleeveless , PPLA , 0 , 0 , 3 , 5 , 8
40000004166 ,   , PPLA Top , 59 , 0 , Apparel , Top , Shirt ,  , Hardtail , 0 , 0 , 0 , 3 , 3
40000004167 ,   , PPLA Top , 56 , 0 , Apparel ,  ,  ,  ,  , 0 , 0 , 1 , 1 , 2
40000004168 ,   , PPLA Top , 42 , 0 , Apparel , Top ,  ,  , PPLA , 0 , 0 , 0 , 5 , 5
40000004170 ,   , Everly , 48 , 0 , Apparel , Top ,  ,  ,  , 0 , 1 , 0 , 0 , 1
40000004171 ,   , Everly , 44 , 0 , Apparel , Top ,  ,  ,  , 1 , 0 , 0 , 0 , 1
40000004172 ,   , Everly , 42 , 0 , Apparel , Top ,  ,  ,  , 2 , 0 , 0 , 0 , 2
40000004176 ,   , Blush Noir , 48 , 0 , Apparel , Top ,  ,  ,  , 1 , 1 , 0 , 0 , 2
40000004177 ,   , HAYDEN , 49 , 0 , Apparel ,  ,  ,  ,  , 3 , 1 , 0 , 0 , 4
40000004187 ,   , Bittersweet Tee , 68 , 0 , Apparel ,  ,  ,  ,  , 0 , 0 , 3 , 0 , 3
40000004188 ,   , The Best Top , 108 , 0 , Apparel , Top ,  ,  ,  , 0 , 0 , 1 , 2 , 3
40000004189 ,   , All About It Top , 88 , 0 , Apparel , Top ,  ,  ,  , 0 , 0 , 0 , 2 , 2
40000004190 ,   , Slip Double Down , 88 , 0 , Apparel ,  ,  ,  ,  , 0 , 0 , 3 , 3 , 6
40000004191 ,   , Yoga Bag , 89 , 0 , Accessory  ,  ,  ,  ,  , 0 , 0 , 1 , 2 , 3
40000004192 ,   , Vintage Beach Bag , 78 , 0 , Accessory  , Handbags ,  ,  , America&Beyond  , 0 , 0 , 2 , 0 , 2
40000004193 ,   , Blue Radiance Clutch , 46 , 0 , Accessory ,  ,  ,  ,  , 0 , 0 , 0 , 1 , 1
40000004194 ,   , Spring Bud Backpack , 52 , 0 , Accessory  , Handbags ,  ,  , America&Beyond  , 0 , 0 , 2 , 1 , 3
40000004196 ,   , Multi Color Striped , 78 , 0 , Accessory  , Handbags ,  ,  , America&Beyond  , 0 , 0 , 1 , 1 , 2
40000004197 ,   , Pareo , 26 , 0 ,  ,  ,  ,  ,  , 0 , 0 , 0 , 1 , 1
40000004198 ,   , Palazzo Pant , 124 , 0 , Apparel , Bottom ,  ,  ,  , 3 , 1 , 0 , 0 , 4
40000004200 ,   , Ruffled Dress , 122 , 0 , Apparel , Dress ,  ,  ,  , 3 , 1 , 0 , 0 , 4
40000004202 ,   , Slouchy Split Raw Hem , 114 , 0 , Apparel , Top , Shirt ,  , Wilt , 0 , 0 , 0 , 4 , 4
40000004204 ,   , Savannah Print Top , 64 , 0 , Apparel , Top ,  ,  ,  , 1 , 0 , 0 , 0 , 1
40000004205 ,   , Laundered Sateen Top , 64 , 0 , Apparel , Top ,  ,  ,  , 3 , 1 , 0 , 0 , 4
40000004206 ,   , Lace Extender , 42 , 0 , Apparel , Top ,  ,  ,  , 3 , 1 , 0 , 0 , 4
40000004207 ,   , Mayberry Dress , 72 , 0 , Apparel , Dress ,  ,  ,  , 0 , 0 , 0 , 5 , 5
40000004208 ,   , Morgan Tank , 84 , 0 , Apparel ,  ,  ,  ,  , 0 , 0 , 1 , 2 , 3
40000004210 ,   , Cap Sleeve Multi Print , 59 , 0 , Apparel , Top ,  ,  ,  , 1 , 1 , 0 , 0 , 2
40000004211 ,   , Layers Top , 88 , 0 , Apparel , Top ,  ,  ,  , 7 , 1 , 0 , 0 , 8
40000004212 ,   , Natural Top , 88 , 0 , Apparel , Top ,  ,  ,  , 0 , 0 , 1 , 1 , 2
40000004213 ,   , Riley Cut Off , 37 , 0 , Apparel ,  ,  ,  ,  , 0 , 0 , 1 , 0 , 1
40000004214 ,   , Anderson Crop , 69 , 0 , Apparel ,  ,  ,  ,  , 0 , 0 , 1 , 1 , 2
40000004215 ,   , Cassie Tank , 42 , 0 , Apparel ,  ,  ,  ,  , 0 , 0 , 3 , 6 , 9
40000004216 ,   , Allison Slit Tunic , 42 , 0 , Apparel ,  ,  ,  ,  , 0 , 0 , 1 , 3 , 4
40000004217 ,   , Ryan Muscle Tank , 39 , 0 , Apparel ,  ,  ,  ,  , 0 , 0 , 2 , 1 , 3
40000004219 ,   , V-Neck Popover , 139 , 0 , Apparel , Top ,  ,  ,  , 0 , 0 , 0 , 6 , 6
40000004220 ,   , Button Down , 95 , 0 , Apparel  , Top ,  ,  ,  , 0 , 0 , 2 , 2 , 4
40000004221 ,   , V-Neck Popover , 124 , 0 , Apparel  , Top ,  ,  ,  , 0 , 0 , 2 , 5 , 7
40000004222 ,   , Flowy Cami , 79 , 0 , Apparel , Top , Tank ,  ,  , 0 , 0 , 0 , 4 , 4
40000004223 ,   , Easy Pocket Short , 84 , 0 , Apparel , Bottom , Shorts ,  ,  , 0 , 0 , 1 , 4 , 5
40000004224 ,   , Pullover Dress , 159 , 0 , Apparel , Dress ,  ,  ,  , 0 , 0 , 1 , 2 , 3
40000004225 ,   , Large Pocket Pullover , 129 , 0 , Apparel  , Top , Shirt , Sleeveless , Bella Dahl  , 0 , 0 , 3 , 3 , 6
40000004226 ,   , Spaghetti Tank Dress , 54 , 0 , Apparel ,  ,  ,  ,  , 0 , 0 , 1 , 5 , 6
40000004227 ,   , X Front Top , 72 , 0 , Apparel , Top ,  ,  ,  , 0 , 0 , 1 , 2 , 3
40000004228 ,   , Cross Front Romper , 95 , 0 , Apparel , Romper ,  ,  ,  , 0 , 0 , 0 , 3 , 3
40000004229 ,   , Woven Sleeveless Top , 54 , 0 , Apparel , Top ,  ,  ,  , 0 , 1 , 0 , 0 , 1
40000004232 ,   , Woven Dress , 58 , 0 , Apparel , Top ,  ,  ,  , 2 , 1 , 0 , 0 , 3
40000004233 ,   , Knit Top , 42 , 0 , Apparel , Top ,  ,  ,  , 1 , 0 , 0 , 0 , 1
40000004237 ,   , Landscape Piko , 30 , 0 , Apparel , Top ,  ,  ,  , 4 , 1 , 0 , 0 , 5
40000004238 ,   , Tropical Piko , 30 , 0 , Apparel , Top ,  ,  ,  , 2 , 1 , 0 , 0 , 3
40000004239 ,   , Z Supply , 34 , 0 , Apparel , Top ,  ,  , Z Supply , 0 , 0 , 2 , 0 , 2
40000004241 ,   , Z Supply , 29 , 0 , Apparel ,  ,  ,  ,  , 0 , 0 , 6 , 1 , 7
40000004242 ,   , Z Supply , 29 , 0 , Apparel ,  ,  ,  ,  , 0 , 0 , 7 , 10 , 17
40000004243 ,   , Z Supply , 34 , 0 , Apparel ,  ,  ,  ,  , 0 , 0 , 2 , 4 , 6
40000004247 ,   , Feel The Piece , 119 , 0 , Apparel ,  ,  ,  ,  , 0 , 0 , 1 , 2 , 3
40000004248 ,   , Feel The Piece , 189 , 0 , Apparel , Top ,  ,  ,  , 0 , 0 , 1 , 1 , 2
40000004249 ,   , Feel The Piece , 89 , 0 , Apparel , Top ,  ,  ,  , 0 , 0 , 0 , 1 , 1
40000004250 ,   , Tart , 118 , 0 , Apparel ,  ,  ,  , Tart , 0 , 0 , 0 , 2 , 2
40000004251 ,   , Mamie Ruth , 59 , 0 , Apparel ,  ,  ,  ,  , 0 , 0 , 3 , 1 , 4
40000004252 ,   , Mamie Ruth , 59 , 0 , Apparel , Top , T Shirt ,  ,  , 0 , 0 , 0 , 1 , 1
40000004253 ,   , Mamie Ruth , 65 , 0 , Apparel ,  ,  ,  ,  , 0 , 0 , 1 , 0 , 1
40000004255 ,   , Mamie Ruth , 59 , 0 , Apparel ,  ,  ,  ,  , 0 , 0 , 3 , 1 , 4
40000004256 ,   , Mamie Ruth , 59 , 0 , Apparel ,  ,  ,  ,  , 0 , 0 , 1 , 0 , 1
40000004257 ,   , Kori , 42 , 0 , Apparel ,  ,  ,  ,  , 1 , 0 , 0 , 0 , 1
40000004258 ,   , Feel The Piece , 169 , 0 , Apparel ,  ,  ,  ,  , 0 , 0 , 2 , 2 , 4
40000004259 ,   , Feel The Piece , 109 , 0 , Apparel ,  ,  ,  ,  , 0 , 0 , 1 , 2 , 3
40000004260 ,   , Feel The Piece , 135 , 0 , Apparel ,  ,  ,  ,  , 0 , 0 , 2 , 1 , 3
40000004261 ,   , Feel The Piece , 175 , 0 , Apparel , Top ,  ,  ,  , 0 , 0 , 3 , 0 , 3
40000004263 ,   , Renee C Top , 49 , 0 , Apparel , Top ,  ,  ,  , 0 , 0 , 1 , 1 , 2
40000004264 ,   , Renee C Top , 52 , 0 , Apparel , Top ,  ,  ,  , 0 , 0 , 0 , 1 , 1
40000004265 ,   , Lush Dress , 49 , 0 , Apparel , Dress ,  ,  ,  , 0 , 1 , 0 , 0 , 1
40000004266 ,   , Feel the Piece , 142 , 0 , Apparel ,  ,  ,  ,  , 0 , 0 , 1 , 2 , 3
40000004267 ,   , Feel the Piece , 175 , 0 , Apparel ,  ,  ,  ,  , 0 , 0 , 1 , 1 , 2
40000004268 ,   , Feel the Piece , 99 , 0 , Apparel ,  ,  ,  ,  , 0 , 0 , 2 , 1 , 3
40000004269 ,   , Gigis Handbag , 29 , 0 , Accessory  , Handbag ,  ,  ,  , 4 , 1 , 0 , 0 , 5
40000004270 ,   , Gigis Handbag , 59 , 0 , Accessory , Handbags ,  ,  ,  , 0 , 1 , 0 , 0 , 1
40000004271 ,   , Gigis Handbag , 45 , 0 , Accessory  , Handbag ,  ,  ,  , 1 , 0 , 0 , 0 , 1
40000004272 ,   , Gigis Handbag , 52 , 0 , Accessory , Handbags ,  ,  ,  , 0 , 1 , 0 , 0 , 1
40000004273 ,   , Gigis Handbag , 39 , 0 , Accessory  , Handbag ,  ,  ,  , 1 , 1 , 0 , 0 , 2
40000004274 ,   , Gigis Handbag , 52 , 0 , Accessory , Handbags ,  ,  ,  , 0 , 1 , 0 , 0 , 1
40000004275 ,   , Gigis Handbag , 45 , 0 , Accessory , Handbags ,  ,  ,  , 0 , 1 , 0 , 0 , 1
40000004276 ,   , Gigis Handbag , 39 , 0 , Accessory , Handbags ,  ,  ,  , 0 , 1 , 0 , 0 , 1
40000004277 ,   , Gigis Handbag , 42 , 0 , Accessory  , Handbag ,  ,  ,  , 2 , 1 , 0 , 0 , 3
40000004278 ,   , Gigis Handbags , 39 , 0 , Accessory  , Handbag ,  ,  ,  , 1 , 1 , 0 , 0 , 2
40000004279 ,   , Gigis Handbags , 59 , 0 , Accessory , Handbag ,  ,  ,  , 2 , 0 , 0 , 0 , 2
40000004280 ,   , Gigis Handbag , 54 , 0 , Accessory , Handbag ,  ,  ,  , 2 , 1 , 0 , 0 , 3
40000004281 ,   , Gigis Handbag , 39 , 0 , Accessory  , Handbag ,  ,  ,  , 1 , 0 , 0 , 0 , 1
40000004282 ,   , Gigis Handbag , 59 , 0 , Accessory , Handbags ,  ,  ,  , 0 , 1 , 0 , 0 , 1
40000004283 ,   , Gigis Handbag , 59 , 0 , Accessory  , Handbag ,  ,  ,  , 2 , 1 , 0 , 0 , 3
40000004284 ,   , Gigis Handbag , 59 , 0 , Accessory , Handbags ,  ,  ,  , 0 , 1 , 0 , 0 , 1
40000004285 ,   , Gigis Handbag , 39 , 0 , Accessory  , Handbag ,  ,  ,  , 3 , 0 , 0 , 0 , 3
40000004287 ,   , Gigis Handbag , 24 , 0 , Accessory  , Handbag ,  ,  ,  , 2 , 1 , 0 , 0 , 3
40000004289 ,   , Gigis Handbag , 64 , 0 , Accessory  , Handbag ,  ,  ,  , 1 , 1 , 0 , 0 , 2
40000004290 ,   , Gigis Handbag , 39 , 0 , Accessory , Handbag ,  ,  ,  , 1 , 1 , 0 , 0 , 2
40000004291 ,   , Gigis Handbag , 29 , 0 , Accessory  , Handbag ,  ,  ,  , 1 , 1 , 0 , 0 , 2
40000004292 ,   , ANB Handbags , 59 , 0 , Accessory  ,  ,  ,  ,  , 0 , 0 , 1 , 0 , 1
40000004293 ,   , ANB Handbags , 79 , 0 , Accessory  ,  ,  ,  ,  , 0 , 0 , 1 , 0 , 1
40000004295 ,   , ANB Handbags , 29 , 0 , Accessory  , Handbag ,  ,  , America&Beyond , 0 , 0 , 0 , 3 , 3
40000004296 ,   , ANB Handbags , 84 , 0 , Accessory  , Handbag ,  ,  ,  , 0 , 0 , 0 , 3 , 3
40000004297 ,   , Free People , 58 , 0 , Apparel ,  ,  ,  ,  , 0 , 0 , 2 , 2 , 4
40000004299 ,   , Distressed Crop , 79 , 0 , Apparel , Bottom ,  ,  ,  , 2 , 1 , 0 , 0 , 3
40000004300 ,   , White Flare , 69 , 0 , Apparel , Bottom ,  ,  ,  , 4 , 1 , 0 , 0 , 5
40000004301 ,   , Destroyed Flare , 79 , 0 , Apparel , Bottom ,  ,  ,  , 2 , 1 , 0 , 0 , 3
40000004302 ,   , Blu Pepper , 39 , 0 , Apparel , Top ,  ,  ,  , 3 , 1 , 0 , 0 , 4
40000004303 ,   , Blu Pepper , 39 , 0 , Apparel , Top ,  ,  ,  , 0 , 1 , 0 , 0 , 1
40000004304 ,   , PPLA Top , 49 , 0 , Apparel ,  ,  ,  ,  , 0 , 0 , 2 , 3 , 5
40000004305 ,   , PPLA Top , 62 , 0 , Apparel , Top ,  ,  ,  , 0 , 0 , 1 , 4 , 5
40000004306 ,   , PPLA Top , 79 , 0 , Apparel , Top ,  ,  , PPLA , 0 , 0 , 0 , 2 , 2
40000004307 ,   , PPLA Top , 72 , 0 , Apparel ,  ,  ,  ,  , 0 , 0 , 0 , 2 , 2
40000004310 ,   , PPLA Top , 57 , 0 , Apparel  , Top ,  ,  , PPLA , 0 , 0 , 3 , 2 , 5
40000004311 ,   , Groceries Dress , 79 , 0 , Apparel , Dress ,  ,  , Groceries , 0 , 0 , 0 , 4 , 4
40000004312 ,   , Groceries Dress , 69 , 0 , Apparel , Dress ,  ,  , Groceries  , 0 , 0 , 1 , 2 , 3
40000004313 ,   , J Brand , 248 , 0 , Apparel , Bottom , Pants , Denim , J Brand , 0 , 0 , 0 , 5 , 5
40000004314 ,   , Head Bands of Hope , 22 , 0 , Accessory  , Handband  ,  ,  , Handbands of Hope  , 0 , 0 , 33 , 47 , 80
40000004315 ,   , Karma Socks , 9 , 0 , Footwear  , Sock ,  ,  ,  , 0 , 0 , 6 , 6 , 12
40000004316 ,   , Karma Mugs , 19 , 0 , Giftware  , Mug ,  ,  , Karma , 0 , 0 , 2 , 1 , 3
40000004317 ,   , Caramela Lace Top , 42 , 0 , Apparel , Top ,  ,  ,  , 2 , 1 , 0 , 0 , 3
40000004318 ,   , Caramela Blush Top , 42 , 0 , Apparel , Top ,  ,  ,  , 1 , 1 , 0 , 0 , 2
40000004319 ,   , Caramela Peach/Orange Top , 42 , 0 , Apparel , Top ,  ,  ,  , 2 , 1 , 0 , 0 , 3
40000004320 ,   , Caramela Neon Royal Top , 42 , 0 , Apparel , Top ,  ,  ,  , 1 , 1 , 0 , 0 , 2
40000004321 ,   , Caramela Navy Top , 42 , 0 , Apparel , Top ,  ,  ,  , 2 , 0 , 0 , 0 , 2
40000004322 ,   , Tangerine Dress , 132 , 0 , Apparel , Dress ,  ,  ,  , 0 , 0 , 1 , 2 , 3
40000004323 ,   , Tangerine Tank , 99 , 0 , Apparel , Top , Tank ,  ,  , 0 , 0 , 1 , 3 , 4
40000004324 ,   , Tangerine Beaded Tank , 139 , 0 , Apparel , Top ,  ,  ,  , 0 , 0 , 1 , 3 , 4
40000004325 ,   , Tangerine Tank , 95 , 0 , Apparel , Top ,  ,  ,  , 0 , 0 , 1 , 1 , 2
40000004326 ,   , Caramela White Top , 42 , 0 , Apparel , Bottom ,  ,  ,  , 0 , 1 , 0 , 0 , 1
40000004327 ,   , Free People , 68 , 0 , Apparel ,  ,  ,  ,  , 0 , 0 , 1 , 0 , 1
40000004328 ,   , Free People , 128 , 0 , Apparel ,  ,  ,  ,  , 0 , 0 , 2 , 4 , 6
40000004329 ,   , Free People , 98 , 0 , Apparel ,  ,  ,  , Free People , 0 , 0 , 1 , 3 , 4
40000004330 ,   , Free People , 98 , 0 , Apparel ,  ,  ,  ,  , 0 , 0 , 6 , 11 , 17
40000004331 ,   , PPLA , 72 , 0 , Apparel ,  ,  ,  ,  , 0 , 0 , 1 , 0 , 1
40000004332 ,   , GoodHyouman , 42 , 0 , Apparel ,  ,  ,  ,  , 0 , 0 , 2 , 1 , 3
40000004333 ,   , GoodHyouman , 42 , 0 , Apparel ,  ,  ,  ,  , 0 , 0 , 4 , 4 , 8
40000004335 ,   , GoodHyouman , 42 , 0 , Apparel ,  ,  ,  ,  , 0 , 0 , 5 , 0 , 5
40000004336 ,   , A&B Handbags , 64 , 0 , Accessory  , Handbag ,  ,  ,  , 0 , 0 , 1 , 2 , 3
40000004337 ,   , A&B Handbags , 64 , 0 , Accessory  , Handbags ,  ,  , America&Beyond  , 0 , 0 , 1 , 2 , 3
40000004338 ,   , A&B Handbags , 49 , 0 , Accessory  , Handbags ,  ,  , America&Beyond  , 0 , 0 , 1 , 2 , 3
40000004339 ,   , A&B Handbags , 49 , 0 , Accessory , Handbag ,  ,  ,  , 0 , 0 , 0 , 2 , 2
40000004340 ,   , A&B Handbags , 49 , 0 , Accessory  , Handbag ,  ,  , America&Beyond , 0 , 0 , 1 , 2 , 3
40000004341 ,   , A&B Handbags , 49 , 0 , Giftware , Candle ,  ,  ,  , 0 , 0 , 1 , 2 , 3
40000004342 ,   , Yosi E-Run , 55 , 0 , Footwear  , Flip Flop ,  ,  , Yosi , 0 , 0 , 1 , 0 , 1
40000004343 ,   , PPLA Ponderosa Dress , 59 , 0 , Apparel ,  ,  ,  ,  , 0 , 0 , 1 , 0 , 1
40000004344 ,   , Blu Pepper Woven Pant , 42 , 0 , Apparel , Bottom ,  ,  ,  , 3 , 1 , 0 , 0 , 4
40000004346 ,   , Blu Pepper Woven Skirt , 34 , 0 , Apparel , Bottom ,  ,  ,  , 2 , 1 , 0 , 0 , 3
40000004348 ,   , Blu Pepper Woven Dress , 32 , 0 , Apparel , Dress ,  ,  ,  , 0 , 1 , 0 , 0 , 1
40000004350 ,   , Blu Pepper Top , 24 , 0 , Apparel , Top ,  ,  ,  , 1 , 0 , 0 , 0 , 1
40000004351 ,   , Blu Pepper Top , 24 , 0 , Apparel , Top ,  ,  ,  , 1 , 0 , 0 , 0 , 1
40000004352 ,   , Free People , 108 , 0 , Apparel ,  ,  ,  , Free People , 0 , 0 , 1 , 3 , 4
40000004353 ,   , Mumu North Shore , 104 , 0 , Apparel , Top ,  ,  , Mumu , 0 , 0 , 4 , 2 , 6
40000004354 ,   , Mumu Lava Lava Graphic , 72 , 0 , Apparel , Top ,  ,  , Mumu , 0 , 0 , 2 , 3 , 5
40000004355 ,   , Mumu Boca Raton , 124 , 0 , Apparel , Top ,  ,  , Mumu , 0 , 0 , 2 , 2 , 4
40000004356 ,   , Mumu Pretty as a Peach , 89 , 0 , Apparel , Top ,  ,  ,  , 0 , 0 , 2 , 3 , 5
40000004357 ,   , Mumu Oliver Tree Graphic , 69 , 0 , Apparel ,  ,  ,  ,  , 0 , 0 , 1 , 1 , 2
40000004358 ,   , Mumu Mae Mu , 119 , 0 , Apparel , Top ,  ,  , Mumu , 0 , 0 , 3 , 4 , 7
40000004359 ,   , Mumu Gomez Mini dress , 124 , 0 , Apparel , Dress ,  ,  , Mumu , 0 , 0 , 3 , 3 , 6
40000004360 ,   , Mumu North Shore , 135 , 0 , Apparel , Top ,  ,  , Mumu , 0 , 0 , 3 , 1 , 4
40000004361 ,   , Mumu Tutti Frutti , 116 , 0 , Apparel , Top ,  ,  , Mumu , 0 , 0 , 2 , 1 , 3
40000004364 ,   , Entro , 39 , 0 , Apparel , Top ,  ,  ,  , 1 , 0 , 0 , 0 , 1
40000004365 ,   , Entro , 48 , 0 , Apparel , Top ,  ,  ,  , 2 , 1 , 0 , 0 , 3
40000004366 ,   , Eight Sixty , 132 , 0 , Apparel , Dress , Maxi ,  , Eight Sixty , 0 , 0 , 0 , 2 , 2
40000004367 ,   , Eight Sixty , 149 , 0 , Apparel , Dress , Maxi ,  , Eight Sixty , 0 , 0 , 0 , 5 , 5
40000004375 ,   , Bella Dahl Split Back Halter , 84 , 0 , Apparel  , Top , Shirt , Sleeveless , Bella Dahl  , 0 , 0 , 3 , 4 , 7
40000004376 ,   , Bella Dahl Hankerchief Popover , 79 , 0 , Apparel  , Top ,  ,  , Bella Dahl , 0 , 0 , 2 , 3 , 5
40000004377 ,   , Bella Dahl LArge Pocket Pullov , 149 , 0 , Apparel ,  ,  ,  ,  , 0 , 0 , 4 , 3 , 7
40000004378 ,   , Bella Dahl Flowy Cami , 129 , 0 , Apparel  , Top , Shirt , Sleeveless , Bella Dahl  , 0 , 0 , 1 , 4 , 5
40000004379 ,   , Bella Dahl Cross Back Romper , 159 , 0 , Apparel ,  ,  ,  ,  , 0 , 0 , 3 , 4 , 7
40000004380 ,   , Bella Dahl Pullover White Tuni , 142 , 0 , Apparel  , Top , Shirt , Sleeveless , Bella Dahl  , 0 , 0 , 1 , 0 , 1
40000004381 ,   , Bella Dahl Rose Shorts , 79 , 0 , Apparel , Bottom , Shorts ,  ,  , 0 , 0 , 1 , 0 , 1
40000004382 ,   , Bella Dahl Lace Up Dress , 149 , 0 , Apparel ,  ,  ,  ,  , 0 , 0 , 1 , 5 , 6
40000004383 ,   , Young At Heart Stripe Tank , 64 , 0 , Apparel ,  ,  ,  ,  , 0 , 0 , 2 , 3 , 5
40000004384 ,   , Young At Heart Gauze Strappy T , 75 , 0 , Apparel , Top ,  ,  ,  , 0 , 0 , 3 , 3 , 6
40000004385 ,   , Young At Heart Bralette , 24 , 0 , Apparel ,  ,  ,  ,  , 0 , 0 , 2 , 3 , 5
40000004386 ,   , Fidelity Mila Crop , 245 , 0 , Apparel , Bottom , Crop ,  , Fidelity  , 0 , 0 , 0 , 2 , 2
40000004387 ,   , Fidelity Axl Crop , 189 , 0 , Apparel , Bottom , Crop ,  , Fidelity  , 0 , 0 , 0 , 5 , 5
40000004388 ,   , Fidelity Heatherette Jacket , 245 , 0 , Apparel , Top , Jacket , Denim ,  , 0 , 0 , 0 , 2 , 2
40000004389 ,   , Mamie Ruth Sunday Ticket Tee , 59 , 0 , Apparel , Top , Tshirt ,  , Mamie Ruth , 0 , 0 , 1 , 4 , 5
40000004390 ,   , Wishlist Loose Front Tunic , 48 , 0 , Apparel , Top ,  ,  ,  , 0 , 1 , 0 , 0 , 1
40000004392 ,   , Wishlist Loose Front Tunic , 39 , 0 , Apparel , Top ,  ,  ,  , 0 , 1 , 0 , 0 , 1
40000004393 ,   , Wishlist V-Neck Top , 39 , 0 , Apparel , Top ,  ,  ,  , 5 , 1 , 0 , 0 , 6
40000004394 ,   , Wishlist Basic Ruffled Hem Top , 34 , 0 , Apparel , Top ,  ,  ,  , 0 , 1 , 0 , 0 , 1
40000004395 ,   , Wishlist Strappy Back Top , 39 , 0 , Apparel , Top ,  ,  ,  , 7 , 1 , 0 , 0 , 8
40000004396 ,   , Level 99 Wide Leg , 119 , 0 , Apparel ,  ,  ,  ,  , 0 , 0 , 8 , 10 , 18
40000004397 ,   , Tart Water Tara Dress , 142 , 0 , Apparel ,  ,  ,  ,  , 0 , 0 , 2 , 1 , 3
40000004398 ,   , Tart Rainbow Tara Dress , 142 , 0 , Apparel ,  ,  ,  ,  , 0 , 0 , 1 , 0 , 1
40000004399 ,   , Tart Henrietta Dress , 149 , 0 , Apparel ,  ,  ,  ,  , 0 , 0 , 3 , 2 , 5
40000004400 ,   , Tart Jill Dress , 162 , 0 , Apparel  , Dress ,  ,  , Tart Collection  , 0 , 0 , 2 , 2 , 4
40000004401 ,   , Tart Susannah Top , 105 , 0 , Apparel ,  ,  ,  ,  , 0 , 0 , 2 , 4 , 6
40000004402 ,   , Tart Flora Top , 105 , 0 , Apparel  , Top , Shirt , Sleeveless , Tart Collection  , 0 , 0 , 1 , 2 , 3
40000004403 ,   , Tart Olympia Top , 119 , 0 , Apparel ,  ,  ,  ,  , 0 , 0 , 3 , 3 , 6
40000004404 ,   , Tart Adalyn Pant , 127 , 0 , Apparel ,  ,  ,  ,  , 0 , 0 , 3 , 0 , 3
40000004405 ,   , Tart Adalyn Pant , 127 , 0 , Apparel , Bottom , Crop ,  , Tart Collection , 0 , 0 , 1 , 5 , 6
40000004406 ,   , Tart Olga Blazer , 149 , 0 , Apparel ,  ,  ,  ,  , 0 , 0 , 1 , 1 , 2
40000004407 ,   , Navy Multi JKT , 75 , 0 , Apparel , Top ,  ,  ,  , 3 , 1 , 0 , 0 , 4
40000004408 ,   , Rust Combo , 49 , 0 , Apparel , Top ,  ,  ,  , 2 , 1 , 0 , 0 , 3
40000004409 ,   , Blk/Rust Cardi , 49 , 0 , Apparel , Top ,  ,  ,  , 2 , 1 , 0 , 0 , 3
40000004410 ,   , Blk Open Cardi , 49 , 0 , Apparel , Top ,  ,  ,  , 2 , 1 , 0 , 0 , 3
40000004411 ,   , Fringe Vest , 49 , 0 , Apparel , Top ,  ,  ,  , 3 , 1 , 0 , 0 , 4
40000004412 ,   , 4EverYoung , 74 , 0 , Apparel ,  ,  ,  ,  , 0 , 0 , 1 , 0 , 1
40000004413 ,   , 4EverYoung , 59 , 0 , Apparel , Top ,  ,  ,  , 0 , 0 , 2 , 2 , 4
40000004414 ,   , Free People Grey/Pink , 68 , 0 , Apparel ,  ,  ,  ,  , 0 , 0 , 1 , 1 , 2
40000004415 ,   , Free People Black Combo Dress , 88 , 0 , Apparel ,  ,  ,  ,  , 0 , 0 , 1 , 5 , 6
40000004416 ,   , Free People Ivory Top , 128 , 0 , Apparel , Top ,  ,  ,  , 0 , 0 , 1 , 5 , 6
40000004417 ,   , Free People Black/Green , 68 , 0 , Apparel ,  ,  ,  ,  , 0 , 0 , 5 , 2 , 7
40000004418 ,   , Mid Rise Cargo , 228 , 0 , Apparel ,  ,  ,  ,  , 0 , 0 , 5 , 8 , 13
40000004419 ,   , ganz , 12 , 0 , Accessory  ,  ,  ,  ,  , 3 , 0 , 0 , 0 , 3
40000004420 ,   , ganz , 39 , 0 , Accessory ,  ,  ,  ,  , 2 , 1 , 0 , 0 , 3
40000004421 ,   , ganz , 12 , 0 , Accessory ,  ,  ,  ,  , 1 , 1 , 0 , 0 , 2
40000004422 ,   , Ganz , 26 , 0 , Accessory ,  ,  ,  ,  , 2 , 1 , 0 , 0 , 3
40000004423 ,   , Hard Tail Street-easy Dress , 105 , 0 , Apparel ,  ,  ,  ,  , 0 , 0 , 1 , 3 , 4
40000004424 ,   , Hard Tail Papaya Sleeved Shirt , 62 , 0 , Apparel ,  ,  ,  ,  , 0 , 0 , 1 , 3 , 4
40000004425 ,   , Hard Tail TRC1 T Back T , 86 , 0 , Apparel , Top ,  ,  , Hard Tail  , 0 , 0 , 2 , 1 , 3
40000004426 ,   , Hard Tail Electric Flat Waist , 84 , 0 , Apparel , Bottom ,  ,  ,  , 0 , 0 , 1 , 1 , 2
40000004427 ,   , Hard Tail Linen Scoop Back Cre , 64 , 0 , Apparel , Top ,  ,  , Hard Tail  , 0 , 0 , 3 , 4 , 7
40000004428 ,   , Hard Tail Sea Foam T Back , 69 , 0 , Apparel , Top ,  ,  ,  , 0 , 0 , 4 , 4 , 8
40000004429 ,   , Hard Tail Split Back slouchy , 115 , 0 , Apparel , Top ,  ,  ,  , 0 , 0 , 4 , 3 , 7
40000004430 ,   , Hard Tail Horizontal Crop , 89 , 0 , Apparel , Bottom ,  ,  ,  , 0 , 0 , 4 , 1 , 5
40000004431 ,   , Hard Tail Slouchy T , 89 , 0 , Apparel , Top ,  ,  ,  , 0 , 0 , 2 , 1 , 3
40000004432 ,   , Sweet Tennessee Dress , 148 , 0 , Apparel ,  ,  ,  ,  , 0 , 0 , 3 , 2 , 5
40000004433 ,   , Blue Pepper Burgundy Top , 42 , 0 , Apparel , Dress ,  ,  ,  , 2 , 1 , 0 , 0 , 3
40000004434 ,   , Blue Pepper Ivory Sleeveless T , 34 , 0 , Apparel , Top ,  ,  ,  , 0 , 1 , 0 , 0 , 1
40000004435 ,   , Isle Navy Top , 69 , 0 , Apparel , Top ,  ,  ,  , 3 , 1 , 0 , 0 , 4
40000004436 ,   , Isle True Blue Aspen Top , 85 , 0 , Apparel , Top ,  ,  ,  , 3 , 1 , 0 , 0 , 4
40000004437 ,   , Isel Navajo Paisley Dress , 119 , 0 , Apparel , Dress ,  ,  ,  , 2 , 1 , 0 , 0 , 3
40000004439 ,   , En Creme Long Sleeve Blush Tas , 47 , 0 , Apparel ,  ,  ,  ,  , 3 , 1 , 0 , 0 , 4
40000004441 ,   , En Creme Dusty , 47 , 0 , Apparel , Top ,  ,  ,  , 2 , 0 , 0 , 0 , 2
40000004442 ,   , En Creme  Pink Dress , 39 , 0 , Apparel , Dress ,  ,  ,  , 2 , 1 , 0 , 0 , 3
40000004443 ,   , En Creme  Olive Vest , 52 , 0 , Apparel , Top ,  ,  ,  , 3 , 1 , 0 , 0 , 4
40000004444 ,   , En Creme  Pink Print Romper , 42 , 0 , Apparel , Romper ,  ,  ,  , 1 , 1 , 0 , 0 , 2
40000004448 ,   , Free People Moon Light Dress , 128 , 0 , Apparel ,  ,  ,  ,  , 0 , 0 , 1 , 4 , 5
40000004449 ,   , Free People Strwbery Swtr , 108 , 0 , Apparel ,  ,  ,  ,  , 0 , 0 , 4 , 0 , 4
40000004450 ,   , Free People Pink Heart Tunic , 98 , 0 , Apparel ,  ,  ,  ,  , 0 , 0 , 3 , 4 , 7
40000004451 ,   , Hazel Mint Top , 54 , 0 , Apparel , Top ,  ,  ,  , 0 , 0 , 2 , 2 , 4
40000004452 ,   , Hazel Navy Top , 59 , 0 , Apparel ,  ,  ,  ,  , 0 , 0 , 2 , 1 , 3
40000004453 ,   , Hazel Floral Tank , 59 , 0 , Apparel ,  ,  ,  , Hazel , 0 , 0 , 2 , 2 , 4
40000004454 ,   , Hazel Havy vest with hood , 84 , 0 , Apparel ,  ,  ,  ,  , 0 , 0 , 3 , 3 , 6
40000004455 ,   , Nation Red Tee , 74 , 0 , Apparel ,  ,  ,  ,  , 0 , 0 , 2 , 3 , 5
40000004456 ,   , Nation Drap Back Dress , 89 , 0 , Apparel ,  ,  ,  ,  , 0 , 0 , 2 , 3 , 5
40000004457 ,   , Nation Twist Back Tank , 67 , 0 , Apparel , Top , Sleeveless ,  , Nation , 0 , 0 , 1 , 1 , 2
40000004458 ,   , Nation Grey Wrap Skirt , 92 , 0 , Apparel , Bottom , Skirt ,  , Nation , 0 , 0 , 1 , 3 , 4
40000004459 ,   , GoodHyouman Jordie french Tee , 59 , 0 , Apparel ,  ,  ,  ,  , 0 , 0 , 2 , 3 , 5
40000004460 ,   , GoodHyouman Lennie-Hoodie , 59 , 0 , Apparel ,  ,  ,  ,  , 0 , 0 , 3 , 6 , 9
40000004461 ,   , GoodHyouman Aguilera must tank , 37 , 0 , Apparel ,  ,  ,  ,  , 0 , 0 , 2 , 1 , 3
40000004462 ,   , GoodHyouman Jamie-Mock Dress , 58 , 0 , Apparel ,  ,  ,  ,  , 0 , 0 , 3 , 1 , 4
40000004464 ,   , Arrow Pendant , 45 , 0 , Accessory  , Jewelry ,  ,  ,  , 0 , 0 , 0 , 1 , 1
40000004474 ,   , GT5 Olive L/S , 39 , 0 , Apparel , Top ,  ,  ,  , 2 , 1 , 0 , 0 , 3
40000004475 ,   , GT5 Wine L/S , 39 , 0 , Apparel , Top ,  ,  ,  , 1 , 0 , 0 , 0 , 1
40000004476 ,   , Wilt Grey/Rust Shrunken Tank , 87 , 0 , Apparel ,  ,  ,  ,  , 0 , 0 , 4 , 6 , 10
40000004477 ,   , Wilt Blue/Putty Vintage V-Neck , 97 , 0 , Apparel ,  ,  ,  ,  , 0 , 0 , 4 , 8 , 12
40000004478 ,   , Wilt Blue/White Twisted Rib , 118 , 0 , Apparel ,  ,  ,  ,  , 0 , 0 , 2 , 3 , 5
40000004479 ,   , NIKIBIKI Vintage Legging , 37 , 0 , Apparel , Bottom ,  ,  ,  , 2 , 1 , 0 , 0 , 3
40000004480 ,   , Mumu Flamingo Romper , 145 , 0 , Apparel ,  ,  ,  ,  , 0 , 0 , 2 , 3 , 5
40000004481 ,   , Mumu Bluebird Cloud Mini Dress , 165 , 0 , Apparel ,  ,  ,  ,  , 0 , 0 , 3 , 5 , 8
40000004482 ,   , Mumu White Cloud Mini Dress , 165 , 0 , Apparel , Dress ,  ,  , Mumu , 0 , 0 , 2 , 4 , 6
40000004483 ,   , Mumu Bluebird Cloud Tunic , 140 , 0 , Apparel  , Top , Tunic ,  , Mumu  , 0 , 0 , 4 , 2 , 6
40000004484 ,   , Mumu Blue Mus Tank , 135 , 0 , Apparel ,  ,  ,  ,  , 0 , 0 , 3 , 3 , 6
40000004485 ,   , Mumu Hibiscus Graphic Tank , 87 , 0 , Apparel , Top ,  ,  , Mumu , 0 , 0 , 4 , 1 , 5
40000004486 ,   , Mumu Aquarius Paisely Tank , 109 , 0 , Apparel ,  ,  ,  ,  , 0 , 0 , 2 , 5 , 7
40000004487 ,   , Mumu Waterfalls Tank , 109 , 0 , Apparel , Top ,  ,  ,  , 0 , 0 , 1 , 3 , 4
40000004488 ,   , Mumu Blue Tie Dye Tank , 94 , 0 , Apparel , Top ,  ,  , Mumu , 0 , 0 , 2 , 3 , 5
40000004489 ,   , Mumu Beach Bound Tee , 87 , 0 , Apparel , Top ,  ,  , Mumu , 0 , 0 , 3 , 2 , 5
40000004490 ,   , Mumu Bonfire Crisp Pom Shorts , 109 , 0 , Apparel ,  ,  ,  ,  , 0 , 0 , 3 , 4 , 7
40000004491 ,   , Mumu Casa Love Emboridery , 154 , 0 , Apparel , Top , Tunic ,  , Mumu , 0 , 0 , 3 , 3 , 6
40000004492 ,   , Mumu Bonfire Sweater , 164 , 0 , Apparel ,  ,  ,  ,  , 0 , 0 , 3 , 2 , 5
40000004493 ,   , Mumu Aquarius Paisely Tunic , 145 , 0 , Apparel ,  ,  ,  ,  , 0 , 0 , 2 , 2 , 4
40000004494 ,   , Nation Cori Tee Black , 79 , 0 , Apparel ,  ,  ,  ,  , 0 , 0 , 4 , 4 , 8
40000004495 ,   , Nation Cori Tee Elderberry , 79 , 0 , Apparel ,  ,  ,  ,  , 0 , 0 , 4 , 4 , 8
40000004496 ,   , Nation Gretchen Tee Black , 76 , 0 , Apparel , Top , T Shirt  ,  , Nation , 0 , 0 , 0 , 4 , 4
40000004497 ,   , Nation Gretchen Tee White , 76 , 0 , Apparel ,  ,  ,  ,  , 0 , 0 , 6 , 6 , 12
40000004498 ,   , Nation Bowie Tee Olive , 85 , 0 , Apparel ,  ,  ,  ,  , 0 , 0 , 5 , 4 , 9
40000004499 ,   , Nation Georgina Henley Camel , 99 , 0 , Apparel ,  ,  ,  ,  , 0 , 0 , 1 , 4 , 5
40000004500 ,   , Nation Georgina Henley Natural , 99 , 0 , Apparel ,  ,  ,  ,  , 0 , 0 , 1 , 3 , 4
40000004501 ,   , Nation Leona Henley Grey , 87 , 0 , Apparel ,  ,  ,  ,  , 0 , 0 , 3 , 3 , 6
40000004502 ,   , Nation Leona Henley Navy , 89 , 0 , Apparel ,  ,  ,  ,  , 0 , 0 , 3 , 3 , 6
40000004503 ,   , Nation Tricia Tee Black , 87 , 0 , Apparel ,  ,  ,  ,  , 0 , 0 , 4 , 5 , 9
40000004504 ,   , Nation joanna Dress Olive , 99 , 0 , Apparel , Dress ,  ,  ,  , 0 , 0 , 1 , 4 , 5
40000004505 ,   , Nation Viola Tank Elderberry , 85 , 0 , Apparel ,  ,  ,  ,  , 0 , 0 , 3 , 3 , 6
40000004506 ,   , Nation Glenn Muscle Tank Olive , 53 , 0 , Apparel , Top ,  ,  , Nation , 0 , 0 , 0 , 5 , 5
